,Location,location,GHSI,WGI,ï..iso_code,continent.x,Obesity_rate,Death_ParentLocation,Death_SpatialDimValueCode,Period.x,Death_Value,Case_ParentLocation,Case_SpatialDimValueCode,Period.y,Case_Value,continent.y,iso_code,total_cases,new_cases,new_cases_smoothed,total_deaths,new_deaths,new_deaths_smoothed,total_cases_per_million,new_cases_per_million,new_cases_smoothed_per_million,total_deaths_per_million,new_deaths_per_million,new_deaths_smoothed_per_million,reproduction_rate,icu_patients,icu_patients_per_million,hosp_patients,hosp_patients_per_million,weekly_icu_admissions,weekly_icu_admissions_per_million,weekly_hosp_admissions,weekly_hosp_admissions_per_million,new_tests,total_tests,total_tests_per_thousand,new_tests_per_thousand,new_tests_smoothed,new_tests_smoothed_per_thousand,positive_rate,tests_per_case,tests_units,total_vaccinations,people_vaccinated,people_fully_vaccinated,total_boosters,new_vaccinations,new_vaccinations_smoothed,date,total_vaccinations_per_hundred,people_vaccinated_per_hundred,people_fully_vaccinated_per_hundred,total_boosters_per_hundred,new_vaccinations_smoothed_per_million,new_people_vaccinated_smoothed,new_people_vaccinated_smoothed_per_hundred,stringency_index,population,population_density,median_age,aged_65_older,aged_70_older,gdp_per_capita,extreme_poverty,cardiovasc_death_rate,diabetes_prevalence,female_smokers,male_smokers,handwashing_facilities,hospital_beds_per_thousand,life_expectancy,human_development_index,excess_mortality_cumulative_absolute,excess_mortality_cumulative,excess_mortality,excess_mortality_cumulative_per_million,Case_Value_m,Death_Value_m,total_tests_per_thousand_m
1,Afghanistan,Afghanistan,32.3,-0.99,AFG,Asia,5.5,Eastern Mediterranean,AFG,2017,10,Eastern Mediterranean,AFG,2017,161778,Asia,AFG,158245,40,29.714,7367,2,1.571,3972.469,1.004,0.746,184.936,0.05,0.039,NA,NA,NA,NA,NA,NA,NA,NA,NA,NA,NA,NA,NA,NA,NA,NA,NA,,NA,NA,NA,NA,NA,17604,1/5/2022,11.73,NA,NA,NA,442,16593,0.042,19.44,39835428,54.422,18.6,2.581,1.337,1803.987,NA,597.029,9.59,NA,NA,37.746,0.5,64.83,0.511,NA,NA,NA,NA,0.161778,1.00E-05,NA
2,Albania,Albania,52.9,0.21,ALB,Europe,21.7,Europe,ALB,2017,NA,Europe,ALB,2017,NA,Europe,ALB,212021,0,446,3224,0,1.714,73799.468,0,155.242,1122.198,0,0.597,NA,NA,NA,NA,NA,NA,NA,NA,NA,NA,NA,NA,NA,NA,NA,NA,NA,,2367574,1160648,1053236,153690,11284,6471,1/5/2022,82.41,40.4,36.66,5.35,2252,2449,0.085,43.52,2872934,104.871,38,13.188,8.643,11803.431,1.1,304.195,10.08,7.1,51.2,NA,2.89,78.57,0.795,NA,NA,NA,NA,NA,NA,NA
3,Algeria,Algeria,23.6,-0.98,DZA,Africa,27.4,Africa,DZA,2017,0,Africa,DZA,2017,0,Africa,DZA,220415,462,395.429,6310,7,6.714,4940.199,10.355,8.863,141.427,0.157,0.15,NA,33,0.74,NA,NA,NA,NA,NA,NA,NA,NA,NA,NA,NA,NA,NA,NA,,NA,NA,NA,NA,NA,19000,1/5/2022,28.12,NA,NA,NA,426,8482,0.019,44.44,44616626,17.348,29.1,6.211,3.857,13913.839,0.5,278.364,6.73,0.7,30.4,83.741,1.9,76.88,0.748,NA,NA,NA,NA,0,0,NA
4,Andorra,Andorra,30.5,1.07,AND,Europe,25.6,Europe,AND,2017,NA,Europe,AND,2017,NA,Europe,AND,25289,487,352.286,141,0,0.143,326925.563,6295.731,4554.202,1822.789,0,1.847,NA,NA,NA,NA,NA,NA,NA,NA,NA,NA,NA,NA,NA,NA,NA,NA,NA,,NA,NA,NA,NA,NA,NA,1/5/2022,151.57,NA,NA,NA,NA,NA,NA,59.26,77354,163.755,NA,NA,NA,NA,NA,109.135,7.97,29,37.8,NA,NA,83.73,0.868,NA,NA,NA,NA,NA,NA,NA
5,Angola,Angola,25.2,-0.92,AGO,Africa,8.2,Africa,AGO,2017,13967,Africa,AGO,2017,3874892,Africa,AGO,86636,1970,1165.857,1789,11,4.143,2553.103,58.055,34.357,52.721,0.324,0.122,NA,NA,NA,NA,NA,NA,NA,NA,NA,NA,NA,NA,NA,NA,NA,NA,NA,,NA,NA,NA,NA,NA,31461,1/5/2022,34.23,NA,NA,NA,927,19830,0.058,NA,33933611,23.89,16.8,2.405,1.362,5819.495,NA,276.045,3.94,NA,NA,26.664,NA,61.15,0.581,NA,NA,NA,NA,3.874892,0.013967,NA
6,Antigua and Barbuda,Antigua and Barbuda,29,0.62,ATG,North America,18.9,North America,ATG,2017,NA,North America,ATG,2017,NA,North America,ATG,4486,0,32.429,119,0,0.143,45437.971,0,328.464,1205.332,0,1.447,NA,NA,NA,NA,NA,NA,NA,NA,NA,NA,NA,NA,NA,NA,NA,NA,NA,,NA,NA,NA,NA,NA,34,1/5/2022,122.71,NA,NA,NA,344,10,0.01,NA,98728,231.845,32.1,6.933,4.631,21490.943,NA,191.511,13.17,NA,NA,NA,3.8,77.02,0.778,NA,NA,NA,NA,NA,NA,NA
7,Argentina,Argentina,58.6,0.57,ARG,South America,28.3,Americas,ARG,2017,1,Americas,ARG,2017,0,South America,ARG,5915695,95159,51350.857,117346,52,33.571,129713.589,2086.554,1125.972,2573.049,1.14,0.736,NA,1396,30.61,NA,NA,NA,NA,NA,NA,181761,28921815,634.169,3.985,125698,2.756,0.495,2,tests performed,NA,NA,NA,NA,NA,305823,1/5/2022,170.41,NA,NA,NA,6706,44033,0.097,37.96,45605823,16.177,31.9,11.198,7.441,18933.907,0.6,191.032,5.5,16.2,27.7,NA,5,76.67,0.845,NA,NA,NA,NA,0,1.00E-06,0.634169
8,Armenia,Armenia,50.2,-0.11,ARM,Asia,20.2,Europe,ARM,2017,NA,Europe,ARM,2017,0,Asia,ARM,345255,129,74,7989,3,2.714,116320.792,43.462,24.932,2691.596,1.011,0.914,NA,NA,NA,NA,NA,NA,NA,NA,NA,5164,2586737,871.505,1.74,4726,1.592,0.0157,63.9,tests performed,NA,NA,NA,NA,NA,4834,1/5/2022,55.94,NA,NA,NA,1629,1370,0.046,NA,2968128,102.931,35.7,11.232,7.571,8787.58,1.8,341.01,7.11,1.5,52.1,94.043,4.2,75.09,0.776,NA,NA,NA,NA,0,NA,0.871505
9,Aruba,Aruba,NA,1.31,ABW,North America,NA,North America,ABW,2017,NA,North America,ABW,2017,NA,North America,ABW,24210,1162,741.286,181,0,0,225850.086,10840.058,6915.301,1688.512,0,0,NA,NA,NA,NA,NA,NA,NA,NA,NA,NA,NA,NA,NA,NA,NA,NA,NA,,163956,84884,79072,NA,113,36,1/5/2022,152.95,79.19,73.76,NA,336,23,0.021,41.67,107195,584.8,41.2,13.085,7.452,35973.781,NA,NA,11.62,NA,NA,NA,NA,76.29,NA,NA,NA,NA,NA,NA,NA,NA
10,Australia,Australia,75.5,1.43,AUS,Oceania,20.1,Oceania,AUS,2017,NA,Oceania,AUS,2017,NA,Oceania,AUS,684229,75426,46129.571,2302,12,11.143,26532.621,2924.824,1788.785,89.266,0.465,0.432,NA,258,10.005,2707,104.97,NA,NA,NA,NA,236073,56078371,2174.573,9.154,234834,9.106,0.1964,5.1,tests performed,43286155,20488662,19832376,2965117,261562,123642,1/5/2022,167.85,79.45,76.9,11.5,4795,8331,0.032,40.28,25788217,3.202,37.9,15.504,10.129,44648.71,0.5,107.791,5.07,13,16.5,NA,3.84,83.44,0.944,NA,NA,NA,NA,NA,NA,2.174573
11,Austria,Austria,58.5,1.38,AUT,Europe,29,Europe,AUT,2017,NA,Europe,AUT,2017,NA,Europe,AUT,1304086,9761,4616.571,13802,18,16.143,144208.296,1079.39,510.509,1526.251,1.99,1.785,NA,302,33.396,698,77.186,NA,NA,NA,NA,570586,125206869,13845.612,63.096,326534,36.109,0.0141,70.7,tests performed,16617534,6638931,6539899,3783504,53790,30341,1/5/2022,183.76,73.41,72.32,41.84,3355,3040,0.034,64.81,9043072,106.749,44.4,19.202,13.748,45436.686,0.7,145.183,6.35,28.4,30.9,NA,7.37,81.54,0.922,NA,NA,NA,NA,NA,NA,13.845612
12,Azerbaijan,Azerbaijan,34.2,-1.5,AZE,Asia,19.9,Europe,AZE,2017,NA,Europe,AZE,2017,0,Asia,AZE,618918,553,439.429,8409,11,11,60539.683,54.092,42.983,822.529,1.076,1.076,NA,NA,NA,NA,NA,NA,NA,NA,NA,NA,NA,NA,NA,8599,0.841,0.0511,19.6,tests performed,11373965,5171942,4680213,1521810,27417,12566,1/5/2022,111.25,50.59,45.78,14.89,1229,1142,0.011,52.78,10223344,119.309,32.4,6.018,3.871,15847.419,NA,559.812,7.11,0.3,42.5,83.241,4.7,73,0.756,NA,NA,NA,NA,0,NA,NA
13,Bahamas,Bahamas,30.6,0.8,BHS,North America,31.6,North America,BHS,2017,NA,North America,BHS,2017,NA,North America,BHS,26326,315,303.143,717,0,0.571,66326.711,793.623,763.749,1806.437,0,1.44,NA,NA,NA,NA,NA,NA,NA,NA,NA,1167,189555,477.572,2.94,926,2.333,0.3274,3.1,tests performed,308249,158120,149393,11882,NA,618,1/5/2022,77.66,39.84,37.64,2.99,1557,83,0.021,48.15,396914,39.497,34.3,8.996,5.2,27717.847,NA,235.954,13.17,3.1,20.4,NA,2.9,73.92,0.814,NA,NA,NA,NA,NA,NA,0.477572
14,Bahrain,Bahrain,39.4,-1.41,BHR,Asia,29.8,Asia,BHR,2017,NA,Asia,BHR,2017,NA,Asia,BHR,286529,1081,807.571,1395,0,0.143,163890.533,618.317,461.919,797.92,0,0.082,NA,NA,NA,NA,NA,NA,NA,NA,NA,NA,NA,NA,NA,22201,12.699,0.0364,27.5,units unclear,3254676,1205353,1180996,868327,6255,6027,1/5/2022,186.16,68.94,67.55,49.67,3447,439,0.025,32.41,1748295,1935.907,32.4,2.372,1.387,43290.705,NA,151.689,16.52,5.8,37.6,NA,2,77.29,0.852,NA,NA,NA,NA,NA,NA,NA
15,Bangladesh,Bangladesh,35,-0.73,BGD,Asia,3.6,South-East Asia,BGD,2017,13,South-East Asia,BGD,2017,4893,Asia,BGD,1588807,892,612.714,28090,3,3.857,9553.66,5.364,3.684,168.908,0.018,0.023,NA,NA,NA,NA,NA,NA,NA,NA,NA,21251,11567451,69.556,0.128,19536,0.117,0.0314,31.9,tests performed,NA,NA,NA,NA,NA,829757,1/5/2022,64.08,NA,NA,NA,4989,388153,0.233,NA,166303494,1265.036,27.5,5.098,3.262,3523.984,14.8,298.003,8.38,1,44.7,34.808,0.8,72.59,0.632,NA,NA,NA,NA,0.004893,1.30E-05,0.069556
16,Barbados,Barbados,31.9,1.12,BRB,North America,23.1,North America,BRB,2017,NA,North America,BRB,2017,NA,North America,BRB,30177,479,302,263,0,0.429,104887.594,1664.882,1049.675,914.121,0,1.49,NA,NA,NA,NA,NA,NA,NA,NA,NA,NA,NA,NA,NA,NA,NA,NA,NA,,299968,156101,143867,NA,107,131,1/5/2022,104.26,54.26,50,NA,455,53,0.018,NA,287708,664.463,39.8,14.952,9.473,16978.068,NA,170.05,13.57,1.9,14.5,88.469,5.8,79.19,0.814,NA,NA,NA,NA,NA,NA,NA
17,Belarus,Belarus,35.3,-1.35,BLR,Europe,24.5,Europe,BLR,2017,NA,Europe,BLR,2017,NA,Europe,BLR,703507,1133,1041,5653,15,15.714,74501.42,119.985,110.242,598.653,1.589,1.664,NA,NA,NA,NA,NA,NA,NA,NA,NA,NA,NA,NA,NA,17406,1.843,0.0598,16.7,tests performed,NA,NA,NA,NA,NA,NA,1/5/2022,91.62,NA,NA,NA,NA,NA,NA,19.44,9442867,46.858,40.3,14.799,9.788,17167.967,NA,443.129,5.18,10.5,46.1,NA,11,74.79,0.823,NA,NA,NA,NA,NA,NA,NA
18,Belgium,Belgium,61,1.4,BEL,Europe,22.1,Europe,BEL,2017,NA,Europe,BEL,2017,NA,Europe,BEL,2179710,27796,14847,28429,22,23.143,187383.719,2389.546,1276.356,2443.964,1.891,1.99,NA,471,40.491,1883,161.876,NA,NA,1186,101.957,100913,27725032,2383.445,8.675,75062,6.453,0.238,4.2,tests performed,22099228,8921837,8811975,4790063,164189,70913,1/5/2022,189.98,76.7,75.75,41.18,6096,1377,0.012,48.15,11632334,375.564,41.8,18.571,12.849,42658.576,0.2,114.898,4.29,25.1,31.4,NA,5.64,81.63,0.931,NA,NA,NA,NA,NA,NA,2.383445
19,Belize,Belize,31.8,0.45,BLZ,North America,24.1,Americas,BLZ,2017,0,Americas,BLZ,2017,7,North America,BLZ,34628,541,365.857,605,0,1.143,85519.183,1336.083,903.541,1494.141,0,2.822,NA,NA,NA,NA,NA,NA,NA,NA,NA,NA,391808,967.63,NA,1213,2.996,0.3016,3.3,tests performed,NA,NA,NA,NA,NA,338,1/5/2022,104.87,NA,NA,NA,835,44,0.011,72.22,404915,16.426,25,3.853,2.279,7824.362,NA,176.957,17.11,NA,NA,90.083,1.3,74.62,0.716,NA,NA,NA,NA,7.00E-06,0,0.96763
20,Benin,Benin,28.8,0.27,BEN,Africa,9.6,Africa,BEN,2017,2182,Africa,BEN,2017,1573163,Africa,BEN,25522,0,83.857,161,0,0,2049.79,0,6.735,12.931,0,0,NA,NA,NA,NA,NA,NA,NA,NA,NA,NA,NA,NA,NA,NA,NA,NA,NA,,NA,NA,NA,NA,NA,NA,1/5/2022,15.24,NA,NA,NA,NA,NA,NA,NA,12451031,99.11,18.8,3.244,1.942,2064.236,49.6,235.848,0.99,0.6,12.3,11.035,0.5,61.77,0.545,NA,NA,NA,NA,1.573163,0.002182,NA
21,Bermuda,Bermuda,NA,NA,BMU,North America,NA,North America,BMU,2017,NA,North America,BMU,2017,NA,North America,BMU,6936,0,124.571,110,0,0.571,111705.212,0,2006.24,1771.565,0,9.203,NA,NA,NA,NA,NA,NA,NA,NA,NA,NA,NA,NA,NA,NA,NA,NA,NA,,114241,46400,45487,22354,NA,221,1/5/2022,183.99,74.73,73.26,36,3559,11,0.018,42.59,62092,1308.82,NA,NA,NA,50669.315,NA,139.547,13,NA,NA,NA,NA,82.59,NA,NA,NA,NA,NA,NA,NA,NA
22,Bhutan,Bhutan,40.3,0.06, , ,6.4,South-East Asia,BTN,2017,1,South-East Asia,BTN,2017,24,Asia,BTN,2669,3,1.286,3,0,0,3422.234,3.847,1.649,3.847,0,0,NA,NA,NA,NA,NA,NA,NA,NA,NA,8871,1318313,1690.362,11.375,4613,5.915,3.00E-04,3587.1,samples tested,NA,NA,NA,NA,NA,NA,1/5/2022,148.69,NA,NA,NA,NA,NA,NA,49.07,779900,21.188,28.6,4.885,2.977,8708.597,1.5,217.066,9.75,NA,NA,79.807,1.7,71.78,0.654,NA,NA,NA,NA,2.40E-05,1.00E-06,1.690362
23,Bolivia,Bolivia,35.8,-0.04,BOL,South America,20.2,Americas,BOL,2017,0,Americas,BOL,2017,4572,South America,BOL,631554,9242,6561.429,19810,47,26.857,53372.553,781.04,554.506,1674.141,3.972,2.27,NA,NA,NA,NA,NA,NA,NA,NA,NA,21919,3151054,266.295,1.852,16444,1.39,0.399,2.5,tests performed,10253383,5938846,4711143,596010,133930,81501,1/5/2022,86.65,50.19,39.81,5.04,6888,53214,0.45,NA,11832936,10.202,25.4,6.704,4.393,6885.829,7.1,204.299,6.89,NA,NA,25.383,1.1,71.51,0.718,NA,NA,NA,NA,0.004572,0,0.266295
24,Bonaire Sint Eustatius and Saba,Bonaire Sint Eustatius and Saba,NA,NA, , ,NA,North America,BES,2017,NA,North America,BES,2017,NA,North America,BES,3918,254,83.143,23,0,0,148156.551,9604.84,3143.992,869.73,0,0,NA,NA,NA,NA,NA,NA,NA,NA,NA,NA,NA,NA,NA,NA,NA,NA,NA,,NA,NA,NA,NA,NA,NA,1/5/2022,135.55,NA,NA,NA,NA,NA,NA,NA,26445,NA,NA,NA,NA,NA,NA,NA,NA,NA,NA,NA,NA,77.79,NA,NA,NA,NA,NA,NA,NA,NA
25,Botswana,Botswana,31.1,0.47,BWA,Africa,18.9,Africa,BWA,2017,17,Africa,BWA,2017,1900,Africa,BWA,222053,0,1367.286,2452,0,1.857,92628.606,0,570.358,1022.843,0,0.775,NA,NA,NA,NA,NA,NA,NA,NA,NA,NA,NA,NA,NA,NA,NA,NA,NA,,NA,NA,NA,NA,NA,2262,1/5/2022,91.69,NA,NA,NA,944,1380,0.058,NA,2397240,4.044,25.8,3.941,2.242,15807.374,NA,237.372,4.81,5.7,34.4,NA,1.8,69.59,0.735,NA,NA,NA,NA,0.0019,1.70E-05,NA
26,Brazil,Brazil,59.7,0.39,BRA,South America,22.1,Americas,BRA,2017,30,Americas,BRA,2017,189503,South America,BRA,22328252,0,8460.143,619654,0,79.857,104340.824,0,39.535,2895.668,0,0.373,NA,NA,NA,NA,NA,NA,NA,NA,NA,NA,NA,NA,NA,NA,NA,NA,NA,,333627875,166475764,143877220,28208100,724543,415631,1/5/2022,155.91,77.79,67.23,13.18,1942,47483,0.022,NA,213993441,25.04,33.5,8.552,5.06,14103.452,3.4,177.961,8.11,10.1,17.9,NA,2.2,75.88,0.765,NA,NA,NA,NA,0.189503,3.00E-05,NA
27,British Virgin Islands,British Virgin Islands,NA,NA,VGB,North America,NA,North America,VGB,2017,NA,North America,VGB,2017,NA,North America,VGB,3760,0,98.429,40,0,0.143,123590.704,0,3235.334,1314.795,0,4.696,NA,NA,NA,NA,NA,NA,NA,NA,NA,NA,NA,NA,NA,NA,NA,NA,NA,,NA,NA,NA,NA,NA,11,1/5/2022,117.67,NA,NA,NA,362,7,0.023,NA,30423,207.973,NA,NA,NA,NA,NA,NA,13.67,NA,NA,NA,NA,79.07,NA,NA,NA,NA,NA,NA,NA,NA
28,Brunei,Brunei,32.6,NA,BRN,Asia,14.1,Asia,BRN,2017,NA,Asia,BRN,2017,NA,Asia,BRN,15532,26,9.571,98,0,0,35177.518,58.886,21.678,221.954,0,0,NA,NA,NA,NA,NA,NA,NA,NA,NA,NA,NA,NA,NA,NA,NA,NA,NA,,NA,NA,NA,NA,NA,NA,1/5/2022,203.47,NA,NA,NA,NA,NA,NA,57.41,441532,81.347,32.4,4.591,2.382,71809.251,NA,201.285,12.79,2,30.9,NA,2.7,75.86,0.838,NA,NA,NA,NA,NA,NA,NA
29,Bulgaria,Bulgaria,45.6,0.32,BGR,Europe,25,Europe,BGR,2017,NA,Europe,BGR,2017,NA,Europe,BGR,764476,6766,3399.143,31303,66,69.143,110847.36,981.055,492.868,4538.867,9.57,10.026,NA,NA,NA,NA,NA,NA,NA,NA,NA,NA,NA,NA,NA,29046,4.212,0.117,8.5,tests performed,3768966,NA,1927428,324454,32400,12358,1/5/2022,54.65,NA,27.95,4.7,1792,NA,NA,50,6896655,65.18,44.7,20.801,13.272,18563.307,1.5,424.688,5.81,30.1,44.4,NA,7.454,75.05,0.816,NA,NA,NA,NA,NA,NA,NA
30,Burkina Faso,Burkina Faso,30.1,-0.04,BFA,Africa,5.6,Africa,BFA,2017,4144,Africa,BFA,2017,10225459,Africa,BFA,18637,0,143.571,333,0,2.143,866.954,0,6.679,15.49,0,0.1,NA,NA,NA,NA,NA,NA,NA,NA,NA,NA,NA,NA,NA,NA,NA,NA,NA,,NA,NA,NA,NA,NA,NA,1/5/2022,5.55,NA,NA,NA,NA,NA,NA,NA,21497097,70.151,17.6,2.409,1.358,1703.102,43.7,269.048,2.42,1.6,23.9,11.877,0.4,61.58,0.452,NA,NA,NA,NA,10.225459,0.004144,NA
31,Burundi,Burundi,22.8,-1.65,BDI,Africa,5.4,Africa,BDI,2017,4414,Africa,BDI,2017,7670177,Africa,BDI,32076,0,672.857,38,0,0,2617.289,0,54.903,3.101,0,0,NA,NA,NA,NA,NA,NA,NA,NA,NA,NA,NA,NA,NA,NA,NA,NA,NA,,NA,NA,NA,NA,NA,NA,1/5/2022,0.07,NA,NA,NA,NA,NA,NA,NA,12255429,423.062,17.5,2.562,1.504,702.225,71.7,293.068,6.05,NA,NA,6.144,0.8,61.58,0.433,NA,NA,NA,NA,7.670177,0.004414,NA
32,Cambodia,Cambodia,39.2,-1.22, , ,3.9,Western Pacific,KHM,2017,1,Western Pacific,KHM,2017,36932,Asia,KHM,120535,9,8.857,3015,0,0.571,7112.701,0.531,0.523,177.913,0,0.034,NA,NA,NA,NA,NA,NA,NA,NA,NA,NA,NA,NA,NA,NA,NA,NA,NA,,30670837,14275760,13676620,3771608,61888,41287,1/5/2022,180.99,84.24,80.7,22.26,2436,2746,0.016,46.3,16946446,90.672,25.6,4.412,2.385,3645.07,NA,270.892,4,2,33.7,66.229,0.8,69.82,0.594,NA,NA,NA,NA,0.036932,1.00E-06,NA
33,Cameroon,Cameroon,34.4,-1.1,CMR,Africa,11.4,Africa,CMR,2017,3195,Africa,CMR,2017,1191257,Africa,CMR,109367,0,0,1851,0,0,4017.262,0,0,67.991,0,0,NA,NA,NA,NA,NA,NA,NA,NA,NA,NA,NA,NA,NA,NA,NA,NA,NA,,NA,NA,NA,NA,NA,360,1/5/2022,3.75,NA,NA,NA,13,312,0.001,NA,27224262,50.885,18.8,3.165,1.919,3364.926,23.8,244.661,7.2,NA,NA,2.735,1.3,59.29,0.563,NA,NA,NA,NA,1.191257,0.003195,NA
34,Canada,Canada,75.3,1.52,CAN,North America,29.4,North America,CAN,2017,NA,North America,CAN,2017,NA,North America,CAN,2394518,38981,39555.571,30581,90,39.143,62901.216,1023.986,1039.079,803.327,2.364,1.028,NA,701,18.414,5083,133.525,NA,NA,NA,NA,137777,53527515,1406.106,3.619,159916,4.201,0.2474,4,tests performed,69952213,31819607,29467043,8665563,389755,266746,1/5/2022,183.76,83.59,77.41,22.76,7007,16754,0.044,75.46,38067913,4.037,41.4,16.984,10.797,44017.591,0.5,105.599,7.37,12,16.6,NA,2.5,82.43,0.929,NA,NA,NA,NA,NA,NA,1.406106
35,Cape Verde,Cape Verde,29.3,1,CPV,Africa,11.8,Africa,CPV,2017,NA,Africa,CPV,2017,423,Africa,CPV,45989,1397,863.143,356,2,0.571,81845.378,2486.203,1536.112,633.564,3.559,1.017,NA,NA,NA,NA,NA,NA,NA,NA,NA,NA,NA,NA,NA,NA,NA,NA,NA,tests performed,NA,NA,NA,NA,NA,968,1/5/2022,101.64,NA,NA,NA,1723,690,0.123,55.56,561901,135.58,25.7,4.46,3.437,6222.554,NA,182.219,2.42,2.1,16.5,NA,2.1,72.98,0.665,NA,NA,NA,NA,0.000423,NA,NA
36,Cayman Islands,Cayman Islands,NA,0.49,CYM,North America,NA,North America,CYM,2017,NA,North America,CYM,2017,NA,North America,CYM,9509,0,160.429,12,0,0.143,142996.782,0,2412.532,180.457,0,2.148,NA,NA,NA,NA,NA,NA,NA,NA,NA,NA,NA,NA,NA,NA,NA,NA,NA,,NA,NA,NA,NA,NA,226,1/5/2022,196.41,NA,NA,NA,3399,23,0.035,NA,66498,256.496,NA,NA,NA,49903.029,NA,NA,13.22,NA,NA,NA,NA,83.92,NA,NA,NA,NA,NA,NA,NA,NA
37,Central African Republic,Central African Republic,27.3,-1.19, , ,7.5,Africa,CAF,2017,3689,Africa,CAF,2017,383309,Africa,CAF,12454,291,41.571,101,0,0,2531.308,59.146,8.449,20.529,0,0,NA,NA,NA,NA,NA,NA,NA,NA,NA,NA,NA,NA,NA,NA,NA,NA,NA,,NA,NA,NA,NA,NA,7411,1/5/2022,16.17,NA,NA,NA,1506,7390,0.15,18.52,4919987,7.479,18.3,3.655,2.251,661.24,NA,435.727,6.1,NA,NA,16.603,1,53.28,0.397,NA,NA,NA,NA,0.383309,0.003689,NA
38,Chad,Chad,28.8,-1.45, , ,6.1,Africa,TCD,2017,2088,Africa,TCD,2017,1962372,Africa,TCD,6185,0,68.857,184,0,0.429,365.652,0,4.071,10.878,0,0.025,NA,NA,NA,NA,NA,NA,NA,NA,NA,NA,NA,NA,NA,NA,NA,NA,NA,,NA,NA,NA,NA,NA,NA,1/5/2022,2.17,NA,NA,NA,NA,NA,NA,NA,16914985,11.833,16.7,2.486,1.446,1768.153,38.4,280.995,6.1,NA,NA,5.818,NA,54.24,0.398,NA,NA,NA,NA,1.962372,0.002088,NA
39,Chile,Chile,58.3,1.05,CHL,South America,28,South America,CHL,2017,NA,South America,CHL,2017,NA,South America,CHL,1814188,1840,1613.857,39177,3,16.286,94428.16,95.772,84.001,2039.156,0.156,0.848,NA,NA,NA,NA,NA,NA,NA,NA,NA,52023,27347931,1423.455,2.708,50946,2.652,0.0317,31.6,tests performed,44808514,17361304,16586760,11434252,143141,110353,1/5/2022,233.23,90.37,86.33,59.52,5744,11403,0.059,35.65,19212362,24.282,35.4,11.087,6.938,22767.037,1.3,127.993,8.46,34.2,41.5,NA,2.11,80.18,0.851,NA,NA,NA,NA,NA,NA,1.423455
40,China,China,48.2,-1.45,CHN,Asia,6.2,Western Pacific,CHN,2017,7,Western Pacific,CHN,2017,0,Asia,CHN,103121,189,175.857,4636,0,0,71.403,0.131,0.122,3.21,0,0,NA,NA,NA,NA,NA,NA,NA,NA,NA,NA,NA,NA,NA,NA,NA,NA,NA,,2872017000,NA,NA,NA,8456000,8842714,1/5/2022,198.86,NA,NA,NA,6123,229700,0.016,NA,1444216102,147.674,38.7,10.641,5.929,15308.712,0.7,261.899,9.74,1.9,48.4,NA,4.34,76.91,0.761,NA,NA,NA,NA,0,7.00E-06,NA
41,Colombia,Colombia,44.2,0.19,COL,South America,22.3,Americas,COL,2017,19,Americas,COL,2017,52805,South America,COL,5219633,16259,11575.714,130140,40,39.143,101815.027,317.151,225.798,2538.532,0.78,0.764,NA,NA,NA,NA,NA,NA,NA,NA,NA,91078,29922299,583.669,1.777,71531,1.395,0.221,4.5,tests performed,65563271,38563154,28741288,3612619,292171,159173,1/5/2022,127.89,75.22,56.06,7.05,3105,38183,0.074,NA,51265841,44.223,32.2,7.646,4.312,13254.949,4.5,124.24,7.44,4.7,13.5,65.386,1.71,77.29,0.767,NA,NA,NA,NA,0.052805,1.90E-05,0.583669
42,Comoros,Comoros,27.2,-0.44, , ,7.8,Africa,COM,2017,3,Africa,COM,2017,2274,Africa,COM,7283,215,177.143,159,0,0.714,8197.367,241.993,199.383,178.962,0,0.804,NA,NA,NA,NA,NA,NA,NA,NA,NA,NA,NA,NA,NA,NA,NA,NA,NA,,NA,NA,NA,NA,NA,NA,1/5/2022,65.46,NA,NA,NA,NA,NA,NA,NA,888456,437.352,20.4,2.963,1.726,1413.89,18.1,261.516,11.88,4.4,23.6,15.574,2.2,64.32,0.554,NA,NA,NA,NA,0.002274,3.00E-06,NA
43,Congo,Congo,23.6,-1.18,COG,Africa,9.6,Africa,COG,2017,229,Africa,COG,2017,127939,Africa,COG,21277,0,169.714,369,0,0.286,3761.17,0,30.001,65.229,0,0.051,NA,NA,NA,NA,NA,NA,NA,NA,NA,NA,NA,NA,NA,NA,NA,NA,NA,,NA,NA,NA,NA,NA,NA,1/5/2022,22.9,NA,NA,NA,NA,NA,NA,NA,5657017,15.405,19,3.402,2.063,4881.406,37,344.094,7.2,1.7,52.3,47.964,NA,64.57,0.574,NA,NA,NA,NA,0.127939,0.000229,NA
44,Costa Rica,Costa Rica,45.1,1.14,CRI,North America,25.7,Americas,CRI,2017,0,Americas,CRI,2017,12,North America,CRI,578413,2542,1122.429,7369,3,2.286,112552.449,494.644,218.412,1433.922,0.584,0.445,NA,NA,NA,NA,NA,NA,NA,NA,NA,NA,NA,NA,NA,NA,NA,NA,NA,,NA,NA,NA,NA,NA,18182,1/5/2022,153.33,NA,NA,NA,3538,1365,0.027,NA,5139053,96.079,33.6,9.468,5.694,15524.995,1.3,137.973,8.78,6.4,17.4,83.841,1.13,80.28,0.81,NA,NA,NA,NA,1.20E-05,0,NA
45,Croatia,Croatia,53.3,0.5,HRV,Europe,24.4,Europe,HRV,2017,NA,Europe,HRV,2017,NA,Europe,HRV,736486,8587,4680.857,12731,32,37.857,180437.994,2103.802,1146.803,3119.076,7.84,9.275,NA,NA,NA,NA,NA,NA,NA,NA,NA,NA,NA,NA,NA,11728,2.873,0.3991,2.5,people tested,4791665,2265393,2156022,NA,23658,11815,1/5/2022,117.4,55.5,52.82,NA,2895,1162,0.028,40.74,4081657,73.726,44,19.724,13.053,22669.797,0.7,253.782,5.59,34.3,39.9,NA,5.54,78.49,0.851,NA,NA,NA,NA,NA,NA,NA
46,Cuba,Cuba,35.2,-1.44,CUB,North America,24.6,North America,CUB,2017,NA,North America,CUB,2017,NA,North America,CUB,969138,967,556.429,8324,0,0.429,85631.824,85.443,49.165,735.498,0,0.038,NA,NA,NA,NA,NA,NA,NA,NA,NA,NA,NA,NA,NA,NA,NA,NA,NA,,31020410,10464507,9696217,2287344,94940,74791,1/5/2022,274.09,92.46,85.67,20.21,6608,3656,0.032,NA,11317498,110.408,43.1,14.738,9.719,NA,NA,190.968,8.27,17.1,53.3,85.198,5.2,78.8,0.783,NA,NA,NA,NA,NA,NA,NA
47,Curacao,Curacao,NA,NA,CUW,North America,NA,North America,CUW,2017,NA,North America,CUW,2017,NA,North America,CUW,24748,1056,649.857,189,0,0.286,150173.548,6407.923,3943.404,1146.872,0,1.734,NA,NA,NA,NA,NA,NA,NA,NA,NA,NA,NA,NA,NA,NA,NA,NA,NA,,223448,104691,96761,21996,1629,1068,1/5/2022,135.59,63.53,58.72,13.35,6481,52,0.032,NA,164796,362.644,41.7,16.367,10.068,NA,NA,NA,11.62,NA,NA,NA,NA,78.88,NA,NA,NA,NA,NA,NA,NA,NA
48,Cyprus,Cyprus,43,1.04,CYP,Europe,21.8,Europe,CYP,2017,NA,Europe,CYP,2017,NA,Europe,CYP,188380,5202,4350.286,650,4,2.143,210244.362,5805.771,4855.202,725.442,4.464,2.392,NA,NA,NA,NA,NA,NA,NA,NA,NA,130076,19949866,22265.351,145.173,118845,132.639,0.0366,27.3,tests performed,NA,NA,NA,NA,NA,3393,1/5/2022,172,NA,NA,NA,3787,526,0.059,NA,896005,127.657,37.3,13.416,8.563,32415.132,NA,141.171,9.24,19.6,52.7,NA,3.4,80.98,0.887,NA,NA,NA,NA,NA,NA,22.265351
49,Denmark,Denmark,70.4,1.61,DNK,Europe,19.7,Europe,DNK,2017,NA,Europe,DNK,2017,NA,Europe,DNK,893393,28283,18727.714,3322,15,10.714,153680.817,4865.221,3221.528,571.448,2.58,1.843,NA,80,13.762,784,134.863,NA,NA,1155,198.682,183139,54402177,9358.223,31.503,161314,27.749,0.1161,8.6,tests performed,12381731,4817118,4619232,3005329,NA,42546,1/5/2022,212.99,82.86,79.46,51.7,7319,2250,0.039,35.19,5813302,136.52,42.3,19.677,12.325,46682.515,0.2,114.767,6.41,19.3,18.8,NA,2.5,80.9,0.94,NA,NA,NA,NA,NA,NA,9.358223
50,Djibouti,Djibouti,23.2,-1.35,DJI,Africa,13.5,Eastern Mediterranean,DJI,2017,NA,Eastern Mediterranean,DJI,2017,14671,Africa,DJI,13839,70,31.429,189,0,0,13808.662,69.847,31.36,188.586,0,0,NA,NA,NA,NA,NA,NA,NA,NA,NA,NA,NA,NA,NA,NA,NA,NA,NA,,NA,NA,NA,NA,NA,1419,1/5/2022,19.99,NA,NA,NA,1416,0,0,NA,1002197,41.285,25.4,4.213,2.38,2705.406,22.5,258.037,6.05,1.7,24.5,NA,1.4,67.11,0.524,NA,NA,NA,NA,0.014671,NA,NA
51,Dominica,Dominica,24,0.81, , ,27.9,North America,DMA,2017,NA,North America,DMA,2017,NA,North America,DMA,7073,0,73.429,47,0,0.286,98001.995,0,1017.411,651.222,0,3.959,NA,NA,NA,NA,NA,NA,NA,NA,NA,NA,NA,NA,NA,NA,NA,NA,NA,,59170,30730,28440,NA,NA,152,1/5/2022,81.98,42.58,39.41,NA,2106,93,0.129,37.04,72172,98.567,NA,NA,NA,9673.367,NA,227.376,11.62,NA,NA,NA,3.8,75,0.742,NA,NA,NA,NA,NA,NA,NA
52,Dominican Republic,Dominican Republic,38.3,0.14,DOM,North America,27.6,Americas,DOM,2017,1,Americas,DOM,2017,341,North America,DOM,433710,5201,2491.429,4252,0,0.857,39594.789,474.816,227.451,388.179,0,0.078,NA,NA,NA,NA,NA,NA,NA,NA,NA,NA,NA,NA,NA,NA,NA,NA,NA,,14159144,6947946,5713518,1496388,23126,12312,1/5/2022,129.26,63.43,52.16,13.66,1124,1529,0.014,NA,10953714,222.873,27.6,6.981,4.419,14600.861,1.6,266.653,8.2,8.5,19.1,55.182,1.6,74.08,0.756,NA,NA,NA,NA,0.000341,1.00E-06,NA
53,Ecuador,Ecuador,50.1,0.03,ECU,South America,19.9,Americas,ECU,2017,1,Americas,ECU,2017,1275,South America,ECU,553201,0,1463,33686,0,5.143,30924.997,0,81.785,1883.112,0,0.287,NA,NA,NA,NA,NA,NA,NA,NA,NA,7218,2062569,115.302,0.404,4891,0.273,0.2991,3.3,people tested,27889104,14285514,12782693,1306812,118286,55341,1/5/2022,155.91,79.86,71.46,7.31,3094,10957,0.061,57.87,17888474,66.939,28.1,7.104,4.458,10581.936,3.6,140.448,5.55,2,12.3,80.635,1.5,77.01,0.759,NA,NA,NA,NA,0.001275,1.00E-06,0.115302
54,Egypt,Egypt,39.9,-1.28,EGY,Africa,32,Eastern Mediterranean,EGY,2017,NA,Eastern Mediterranean,EGY,2017,NA,Africa,EGY,389454,803,799.571,21863,27,24,3735.471,7.702,7.669,209.7,0.259,0.23,NA,NA,NA,NA,NA,NA,NA,NA,NA,NA,NA,NA,NA,NA,NA,NA,NA,,NA,NA,NA,NA,NA,411966,1/5/2022,55.14,NA,NA,NA,3951,195456,0.187,43.52,104258327,97.999,25.3,5.159,2.891,10550.206,1.3,525.432,17.31,0.2,50.1,89.827,1.6,71.99,0.707,NA,NA,NA,NA,NA,NA,NA
55,El Salvador,El Salvador,44.2,0.04,SLV,North America,24.6,Americas,SLV,2017,0,Americas,SLV,2017,NA,North America,SLV,122063,0,46,3826,0,0.714,18725.627,0,7.057,586.945,0,0.11,NA,NA,NA,NA,NA,NA,NA,NA,NA,NA,NA,NA,NA,NA,NA,NA,NA,,NA,NA,NA,NA,NA,NA,1/5/2022,148.06,NA,NA,NA,NA,NA,NA,27.78,6518500,307.811,27.6,8.273,5.417,7292.458,2.2,167.295,8.87,2.5,18.8,90.65,1.3,73.32,0.673,NA,NA,NA,NA,NA,0,NA
56,Equatorial Guinea,Equatorial Guinea,16.2,-1.86,GNQ,Africa,8,Africa,GNQ,2017,NA,Africa,GNQ,2017,15725,Africa,GNQ,13876,166,34.143,175,0,0,9570.375,114.491,23.549,120.699,0,0,NA,NA,NA,NA,NA,NA,NA,NA,NA,NA,268272,185.029,NA,210,0.145,0.1626,6.2,tests performed,NA,NA,NA,NA,NA,49,1/5/2022,31.22,NA,NA,NA,34,33,0.002,NA,1449891,45.194,22.4,2.846,1.752,22604.873,NA,202.812,7.78,NA,NA,24.64,2.1,58.74,0.592,NA,NA,NA,NA,0.015725,NA,0.185029
57,Eritrea,Eritrea,22.4,-2.18, , ,5,Africa,ERI,2017,8,Africa,ERI,2017,31486,Africa,ERI,8161,33,30.429,78,1,0.571,2266.024,9.163,8.449,21.658,0.278,0.159,NA,NA,NA,NA,NA,NA,NA,NA,NA,NA,NA,NA,NA,NA,NA,NA,NA,,NA,NA,NA,NA,NA,NA,1/5/2022,NA,NA,NA,NA,NA,NA,NA,56.48,3601462,44.304,19.3,3.607,2.171,1510.459,NA,311.11,6.05,0.2,11.4,NA,0.7,66.32,0.459,NA,NA,NA,NA,0.031486,8.00E-06,NA
58,Estonia,Estonia,57,1.21,EST,Europe,21.2,Europe,EST,2017,NA,Europe,EST,2017,NA,Europe,EST,246221,1488,1037.714,1942,2,2.857,185800.807,1122.86,783.069,1465.452,1.509,2.156,NA,NA,NA,NA,NA,NA,NA,NA,NA,8816,2574874,1943.025,6.653,7313,5.518,0.1419,7,tests performed,1521436,844532,818726,NA,1072,665,1/5/2022,114.81,63.73,61.78,NA,502,406,0.031,NA,1325188,31.033,42.7,19.452,13.491,29481.252,0.5,255.569,4.02,24.5,39.3,NA,4.69,78.74,0.892,NA,NA,NA,NA,NA,NA,1.943025
59,Ethiopia,Ethiopia,40.6,-1.16,ETH,Africa,4.5,Africa,ETH,2017,356,Africa,ETH,2017,1530739,Africa,ETH,436586,3779,3734.429,6988,7,10.286,3703.766,32.059,31.681,59.283,0.059,0.087,NA,NA,NA,NA,NA,NA,NA,NA,NA,NA,NA,NA,NA,NA,NA,NA,NA,,10955586,9361320,1594266,NA,886,7417,1/5/2022,9.29,7.94,1.35,NA,63,2474,0.002,40.74,117876226,104.957,19.8,3.526,2.063,1729.927,26.7,182.634,7.47,0.4,8.5,7.96,0.3,66.6,0.485,NA,NA,NA,NA,1.530739,0.000356,NA
60,Faeroe Islands,Faeroe Islands,NA,NA, , ,NA,Europe,FRO,2017,NA,Europe,FRO,2017,NA,Europe,FRO,6855,209,186.714,15,0,0.286,139746.804,4260.698,3806.379,305.792,0,5.825,NA,NA,NA,NA,NA,NA,NA,NA,NA,NA,NA,NA,NA,2745,55.96,0.068,14.7,people tested,97142,41451,40555,15136,NA,197,1/5/2022,198.03,84.5,82.68,30.86,4016,3,0.006,NA,49053,35.308,NA,NA,NA,NA,NA,NA,NA,NA,NA,NA,NA,80.67,NA,NA,NA,NA,NA,NA,NA,NA
61,Falkland Islands,Falkland Islands,NA,NA, , ,NA,South America,FLK,2017,NA,South America,FLK,2017,NA,South America,FLK,84,1,0.143,NA,NA,NA,23809.524,283.447,40.492,NA,NA,NA,NA,NA,NA,NA,NA,NA,NA,NA,NA,NA,NA,NA,NA,NA,NA,NA,NA,,NA,NA,NA,NA,NA,NA,1/5/2022,124.91,NA,NA,NA,NA,NA,NA,NA,3528,NA,NA,NA,NA,NA,NA,NA,NA,NA,NA,NA,NA,81.44,NA,NA,NA,NA,NA,NA,NA,NA
62,Fiji,Fiji,25.7,0.22, , ,30.2,Oceania,FJI,2017,NA,Oceania,FJI,2017,NA,Oceania,FJI,55649,640,331,704,2,0.857,61633.693,708.828,366.597,779.711,2.215,0.949,NA,NA,NA,NA,NA,NA,NA,NA,NA,NA,NA,NA,NA,NA,NA,NA,NA,,NA,NA,NA,NA,NA,377,1/5/2022,140.97,NA,NA,NA,418,95,0.011,NA,902899,49.562,28.6,6.224,3.284,8702.975,1.4,412.82,14.49,10.2,34.8,NA,2.3,67.44,0.743,NA,NA,NA,NA,NA,NA,NA
63,Finland,Finland,68.7,1.61,FIN,Europe,22.2,Europe,FIN,2017,NA,Europe,FIN,2017,NA,Europe,FIN,289622,6791,7183.286,1624,25,10.857,52199.559,1223.965,1294.668,292.699,4.506,1.957,NA,47,8.471,470,84.71,NA,NA,NA,NA,29957,8833708,1592.129,5.399,22552,4.065,0.3185,3.1,tests performed,9720543,4352892,4139047,1228604,14263,29074,1/5/2022,175.2,78.45,74.6,22.14,5240,730,0.013,34.72,5548361,18.136,42.8,21.228,13.264,40585.721,NA,153.507,5.76,18.3,22.6,NA,3.28,81.91,0.938,NA,NA,NA,NA,NA,NA,1.592129
64,France,France,68.2,1.18,FRA,Europe,21.6,Europe,FRA,2017,NA,Europe,FRA,2017,NA,Europe,FRA,10967038,332252,198251.571,124873,246,205.571,162662.603,4927.946,2940.458,1852.111,3.649,3.049,NA,3695,54.804,20688,306.843,2125,31.518,13128,194.714,1701257,201869791,2994.123,25.233,1292920,19.177,0.194,5.2,people tested,126027630,53062136,49861856,24171483,706122,408121,1/5/2022,186.92,78.7,73.95,35.85,6053,21401,0.032,72.22,67422000,122.578,42,19.718,13.079,38605.671,NA,86.06,4.77,30.1,35.6,NA,5.98,82.66,0.901,NA,NA,NA,NA,NA,NA,2.994123
65,French Polynesia,French Polynesia,NA,1.31, , ,NA,Oceania,PYF,2017,NA,Oceania,PYF,2017,NA,Oceania,PYF,46474,0,13.143,636,0,0,164489.937,0,46.518,2251.057,0,0,NA,NA,NA,NA,NA,NA,NA,NA,NA,NA,NA,NA,NA,NA,NA,NA,NA,,NA,NA,NA,NA,NA,NA,1/5/2022,117.82,NA,NA,NA,NA,NA,NA,NA,282534,77.324,32.7,7.775,4.593,NA,NA,NA,22.63,NA,NA,NA,NA,77.66,NA,NA,NA,NA,NA,NA,NA,NA
66,Gabon,Gabon,20,-0.95,GAB,Africa,15,Africa,GAB,2017,218,Africa,GAB,2017,35244,Africa,GAB,42640,0,390,290,0,0.286,18711.364,0,171.141,127.258,0,0.125,NA,NA,NA,NA,NA,NA,NA,NA,NA,NA,NA,NA,NA,NA,NA,NA,NA,samples tested,NA,NA,NA,NA,NA,NA,1/5/2022,24.84,NA,NA,NA,NA,NA,NA,NA,2278829,7.859,23.1,4.45,2.976,16562.413,3.4,259.967,7.2,NA,NA,NA,6.3,66.47,0.703,NA,NA,NA,NA,0.035244,0.000218,NA
67,Gambia,Gambia,34.2,-0.2,GMB,Africa,10.3,Africa,GMB,2017,54,Africa,GMB,2017,69931,Africa,GMB,10376,0,34.286,343,0,0.143,4172.201,0,13.786,137.921,0,0.057,NA,NA,NA,NA,NA,NA,NA,NA,NA,NA,NA,NA,NA,NA,NA,NA,NA,,NA,NA,NA,NA,NA,NA,1/5/2022,11.85,NA,NA,NA,NA,NA,NA,13.89,2486937,207.566,17.5,2.339,1.417,1561.767,10.1,331.43,1.91,0.7,31.2,7.876,1.1,62.05,0.496,NA,NA,NA,NA,0.069931,5.40E-05,NA
68,Georgia,Georgia,52,0.25,GEO,Asia,21.7,Europe,GEO,2017,NA,Europe,GEO,2017,0,Asia,GEO,945609,3436,2152.143,14041,32,47.714,237603.753,863.366,540.77,3528.091,8.041,11.989,NA,NA,NA,NA,NA,NA,NA,NA,NA,NA,NA,NA,NA,NA,NA,NA,NA,,2536824,1375669,1161155,NA,8794,4668,1/5/2022,63.74,34.57,29.18,NA,1173,2274,0.057,NA,3979773,65.032,38.7,14.864,10.244,9745.079,4.2,496.218,7.11,5.3,55.5,NA,2.6,73.77,0.812,NA,NA,NA,NA,0,NA,NA
69,Germany,Germany,66,1.42,DEU,Europe,22.3,Europe,DEU,2017,NA,Europe,DEU,2017,NA,Europe,DEU,7388045,67337,36956.143,113373,444,252.286,88057.253,802.582,440.476,1351.28,5.292,3.007,NA,3561,42.443,NA,NA,1401,16.698,4317,51.454,NA,NA,NA,NA,NA,NA,NA,NA,,152067096,61911806,59509801,34225085,794704,399422,1/5/2022,181.25,73.79,70.93,40.79,4761,33732,0.04,NA,83900471,237.016,46.6,21.453,15.957,45229.245,NA,156.139,8.31,28.2,33.1,NA,8,81.33,0.947,NA,NA,NA,NA,NA,NA,NA
70,Ghana,Ghana,35.5,0.58,GHA,Africa,10.9,Africa,GHA,2017,599,Africa,GHA,2017,4348694,Africa,GHA,148079,876,969.143,1313,4,3.714,4666.532,27.606,30.541,41.378,0.126,0.117,NA,NA,NA,NA,NA,NA,NA,NA,NA,NA,NA,NA,NA,4548,0.143,0.2131,4.7,samples tested,NA,NA,NA,NA,NA,78067,1/5/2022,24.44,NA,NA,NA,2460,35763,0.113,NA,31732128,126.719,21.1,3.385,1.948,4227.63,12,298.245,4.97,0.3,7.7,41.047,0.9,64.07,0.611,NA,NA,NA,NA,4.348694,0.000599,NA
71,Gibraltar,Gibraltar,NA,NA, , ,NA,Europe,GIB,2017,NA,Europe,GIB,2017,NA,Europe,GIB,9227,168,115.143,100,0,0,273871.36,4986.495,3417.615,2968.152,0,0,NA,NA,NA,NA,NA,NA,NA,NA,NA,NA,NA,NA,NA,NA,NA,NA,NA,,NA,NA,NA,NA,NA,17,1/5/2022,321.52,NA,NA,NA,505,2,0.006,NA,33691,3457.1,NA,NA,NA,NA,NA,NA,NA,NA,NA,NA,NA,79.93,NA,NA,NA,NA,NA,NA,NA,NA
72,Greece,Greece,53.8,0.86,GRC,Europe,24.9,Europe,GRC,2017,NA,Europe,GRC,2017,NA,Europe,GRC,1388309,43386,36228,21115,62,68.429,133867.792,4183.498,3493.287,2036.015,5.978,6.598,NA,NA,NA,NA,NA,NA,NA,NA,NA,416400,49042127,4728.891,40.151,394619,38.051,0.0918,10.9,samples tested,17610027,7510549,7062520,3762145,94513,72791,1/5/2022,169.8,72.42,68.1,36.28,7019,9315,0.09,77.78,10370747,83.479,45.3,20.396,14.524,24574.382,1.5,175.695,4.55,35.3,52,NA,4.21,82.24,0.888,NA,NA,NA,NA,NA,NA,4.728891
73,Greenland,Greenland,NA,1.31, , ,NA,North America,GRL,2017,NA,North America,GRL,2017,NA,North America,GRL,3404,270,138.143,1,0,0,59857.917,4747.837,2429.184,17.585,0,0,NA,NA,NA,NA,NA,NA,NA,NA,NA,NA,NA,NA,NA,NA,NA,NA,NA,,NA,NA,NA,NA,NA,NA,1/5/2022,138.14,NA,NA,NA,NA,NA,NA,NA,56868,0.137,NA,NA,NA,NA,NA,199.941,2.16,NA,NA,NA,NA,71.7,NA,NA,NA,NA,NA,NA,NA,NA
74,Grenada,Grenada,27.5,0.53, , ,21.3,North America,GRD,2017,NA,North America,GRD,2017,NA,North America,GRD,7101,314,156,200,0,0,62832.367,2778.392,1380.348,1769.677,0,0,NA,NA,NA,NA,NA,NA,NA,NA,NA,NA,NA,NA,NA,NA,NA,NA,NA,,NA,NA,NA,NA,NA,175,1/5/2022,69.44,NA,NA,NA,1548,32,0.028,NA,113015,317.132,29.4,7.304,5.021,13593.877,NA,243.964,10.71,NA,NA,NA,3.7,72.4,0.779,NA,NA,NA,NA,NA,NA,NA
75,Guatemala,Guatemala,32.7,-0.34,GTM,North America,21.2,Americas,GTM,2017,0,Americas,GTM,2017,3743,North America,GTM,631730,1919,722.143,16114,3,1.714,34615.593,105.151,39.57,882.965,0.164,0.094,NA,NA,NA,NA,NA,NA,NA,NA,NA,11245,3311823,181.471,0.616,5539,0.304,0.1304,7.7,people tested,11438709,6577239,4758615,102855,44477,21206,1/5/2022,62.68,36.04,26.07,0.56,1162,6942,0.038,59.72,18249868,157.834,22.9,4.694,3.016,7423.808,8.7,155.898,10.18,NA,NA,76.665,0.6,74.3,0.663,NA,NA,NA,NA,0.003743,0,0.181471
76,Guinea,Guinea,32.7,-0.75,GIN,Africa,7.7,Africa,GIN,2017,1174,Africa,GIN,2017,1335323,Africa,GIN,33428,383,288,393,2,0.571,2476.655,28.376,21.338,29.117,0.148,0.042,NA,NA,NA,NA,NA,NA,NA,NA,NA,NA,NA,NA,NA,NA,NA,NA,NA,,3409297,2460078,1287256,NA,36086,73485,1/5/2022,25.26,18.23,9.54,NA,5444,68136,0.505,60.19,13497237,51.755,19,3.135,1.733,1998.926,35.3,336.717,2.42,NA,NA,17.45,0.3,61.6,0.477,NA,NA,NA,NA,1.335323,0.001174,NA
77,Guinea-Bissau,Guinea-Bissau,20,-0.67, , ,9.5,Africa,GNB,2017,296,Africa,GNB,2017,89784,Africa,GNB,6531,17,7.857,149,0,0,3240.403,8.435,3.898,73.927,0,0,NA,NA,NA,NA,NA,NA,NA,NA,NA,NA,NA,NA,NA,NA,NA,NA,NA,,NA,NA,NA,NA,NA,53,1/5/2022,20.55,NA,NA,NA,26,53,0.003,NA,2015490,66.191,19.4,3.002,1.565,1548.675,67.1,382.474,2.42,NA,NA,6.403,NA,58.32,0.48,NA,NA,NA,NA,0.089784,0.000296,NA
78,Guyana,Guyana,31.7,0.26,GUY,South America,20.2,Americas,GUY,2017,11,Americas,GUY,2017,13936,South America,GUY,41418,779,311.429,1060,2,1.286,52406.023,985.665,394.049,1341.214,2.531,1.627,NA,NA,NA,NA,NA,NA,NA,NA,NA,NA,NA,NA,NA,NA,NA,NA,NA,,NA,NA,NA,NA,NA,NA,1/5/2022,90.88,NA,NA,NA,NA,NA,NA,51.85,790329,3.952,26.3,5.305,2.837,7435.047,NA,373.159,11.62,NA,NA,77.159,1.6,69.91,0.682,NA,NA,NA,NA,0.013936,1.10E-05,NA
79,Haiti,Haiti,31.5,-0.75,HTI,North America,22.7,Americas,HTI,2017,12,Americas,HTI,2017,19135,North America,HTI,26259,46,39.143,774,1,1.143,2275.145,3.986,3.391,67.061,0.087,0.099,NA,NA,NA,NA,NA,NA,NA,NA,NA,NA,NA,NA,NA,NA,NA,NA,NA,tests performed,NA,NA,NA,NA,NA,NA,1/5/2022,1.73,NA,NA,NA,NA,NA,NA,NA,11541683,398.448,24.3,4.8,2.954,1653.173,23.5,430.548,6.65,2.9,23.1,22.863,0.7,64,0.51,NA,NA,NA,NA,0.019135,1.20E-05,NA
80,Honduras,Honduras,27.6,-0.51,HND,North America,21.4,Americas,HND,2017,1,Americas,HND,2017,1277,North America,HND,379402,0,0,10433,0,0,37702.696,0,0,1036.769,0,0,NA,NA,NA,NA,NA,NA,NA,NA,NA,NA,NA,NA,NA,NA,NA,NA,NA,,NA,NA,NA,NA,NA,31380,1/5/2022,95.29,NA,NA,NA,3118,11189,0.111,NA,10062994,82.805,24.9,4.652,2.883,4541.795,16,240.208,7.21,2,NA,84.169,0.7,75.27,0.634,NA,NA,NA,NA,0.001277,1.00E-06,NA
81,Hungary,Hungary,54,0.32,HUN,Europe,26.4,Europe,HUN,2017,NA,Europe,HUN,2017,NA,Europe,HUN,1269979,5270,2897.857,39599,82,84.286,131820.391,547.012,300.79,4110.269,8.511,8.749,NA,NA,NA,NA,NA,NA,NA,NA,NA,17764,8778354,911.169,1.844,13448,1.396,0.2155,4.6,tests performed,NA,6272718,5996472,3198951,NA,14692,1/5/2022,157.97,65.11,62.24,33.2,1525,1431,0.015,11.11,9634162,108.043,43.4,18.577,11.976,26777.561,0.5,278.296,7.55,26.8,34.8,NA,7.02,76.88,0.854,NA,NA,NA,NA,NA,NA,0.911169
82,Iceland,Iceland,46.3,1.41,ISL,Europe,21.9,Europe,ISL,2017,NA,Europe,ISL,2017,NA,Europe,ISL,33901,1361,1226.714,39,1,0.286,91924.445,3690.427,3326.304,105.751,2.712,0.775,NA,NA,NA,NA,NA,NA,NA,NA,NA,6583,874583,2371.48,17.85,5954,16.145,NA,NA,tests performed,NA,NA,NA,NA,NA,573,1/5/2022,194.84,NA,NA,NA,1554,94,0.025,37.96,368792,3.404,37.3,14.431,9.207,46482.958,0.2,117.992,5.31,14.3,15.2,NA,2.91,82.99,0.949,NA,NA,NA,NA,NA,NA,2.37148
83,India,India,46.5,0.38,IND,Asia,3.9,South-East Asia,IND,2017,194,South-East Asia,IND,2017,844558,Asia,IND,35109286,90928,41035.143,482876,325,288,25196.683,65.256,29.449,346.543,0.233,0.207,NA,NA,NA,NA,NA,NA,NA,NA,NA,1388647,683817242,490.751,0.997,1224443,0.879,0.0335,29.8,samples tested,1482203963,864466425,617737538,NA,9873694,6715446,1/5/2022,106.37,62.04,44.33,NA,4819,3164425,0.227,NA,1393409033,450.419,28.2,5.989,3.414,6426.674,21.2,282.28,10.39,1.9,20.6,59.55,0.53,69.66,0.645,NA,NA,NA,NA,0.844558,0.000194,0.490751
84,Indonesia,Indonesia,56.6,0.18,IDN,Asia,6.9,South-East Asia,IDN,2017,47,South-East Asia,IDN,2017,261617,Asia,IDN,4264136,404,255,144109,4,4,15429.543,1.462,0.923,521.451,0.014,0.014,NA,NA,NA,NA,NA,NA,NA,NA,NA,217304,43415786,157.098,0.786,177476,0.642,0.0014,696,people tested,283554361,167999777,115554584,NA,NA,1759190,1/5/2022,102.6,60.79,41.81,NA,6366,1291076,0.467,66.2,276361788,145.725,29.3,5.319,3.053,11188.744,5.7,342.864,6.32,2.8,76.1,64.204,1.04,71.72,0.718,NA,NA,NA,NA,0.261617,4.70E-05,0.157098
85,Iran,Iran,37.7,-1.32,IRN,Asia,25.8,Eastern Mediterranean,IRN,2017,1,Eastern Mediterranean,IRN,2017,57,Asia,IRN,6201467,1171,1529.286,131778,42,35.857,72933.758,13.772,17.986,1549.805,0.494,0.422,NA,NA,NA,NA,NA,NA,NA,NA,NA,102041,42484271,499.646,1.2,98969,1.164,0.0155,64.7,tests performed,NA,NA,NA,NA,NA,412771,1/5/2022,140.34,NA,NA,NA,4854,40251,0.047,NA,85028760,49.831,32.4,5.44,3.182,19082.62,0.2,270.308,9.59,0.8,21.1,NA,1.5,76.68,0.783,NA,NA,NA,NA,5.70E-05,1.00E-06,0.499646
86,Iraq,Iraq,25.8,-0.99,IRQ,Asia,30.4,Eastern Mediterranean,IRQ,2017,NA,Eastern Mediterranean,IRQ,2017,0,Asia,IRQ,2095183,516,292.429,24191,9,5.714,50879.457,12.531,7.101,587.455,0.219,0.139,NA,NA,NA,NA,NA,NA,NA,NA,NA,NA,NA,NA,NA,11287,0.274,0.0259,38.6,samples tested,NA,NA,NA,NA,NA,36148,1/5/2022,35.04,NA,NA,NA,878,15101,0.037,68.52,41179351,88.125,20,3.186,1.957,15663.986,2.5,218.612,8.83,NA,NA,94.576,1.4,70.6,0.674,NA,NA,NA,NA,0,NA,NA
87,Ireland,Ireland,59,1.32,IRL,Europe,25.3,Europe,IRL,2017,NA,Europe,IRL,2017,NA,Europe,IRL,884855,17656,19565.714,5952,40,5.714,177578.175,3543.315,3926.569,1194.484,8.027,1.147,NA,NA,NA,NA,NA,NA,NA,NA,NA,40322,10218347,2050.681,8.092,40959,8.22,0.4777,2.1,tests performed,9817355,3898206,3843932,2312615,40077,27405,1/5/2022,197.02,78.23,77.14,46.41,5500,505,0.01,52.78,4982904,69.874,38.7,13.928,8.678,67335.293,0.2,126.459,3.28,23,25.7,NA,2.96,82.3,0.955,NA,NA,NA,NA,NA,NA,2.050681
88,Isle of Man,Isle of Man,NA,NA,IMN,Europe,NA,Europe,IMN,2017,NA,Europe,IMN,2017,NA,Europe,IMN,17416,441,561.286,67,0,0,203910.549,5163.33,6571.663,784.451,0,0,NA,NA,NA,NA,NA,NA,NA,NA,NA,NA,NA,NA,NA,NA,NA,NA,NA,,179817,68807,65463,45547,871,340,1/5/2022,210.53,80.56,76.65,53.33,3981,4,0.005,NA,85410,147.872,NA,NA,NA,NA,NA,NA,NA,NA,NA,NA,NA,81.4,NA,NA,NA,NA,NA,NA,NA,NA
89,Israel,Israel,47.3,0.65,ISR,Asia,26.1,Asia,ISR,2017,NA,Asia,ISR,2017,NA,Asia,ISR,1429030,17232,7797.714,8253,6,1.429,153807.986,1854.698,839.276,888.279,0.646,0.154,NA,51,5.489,490,52.739,111,11.947,486,52.309,332386,36706439,3950.752,35.775,187252,20.154,0.0416,24,tests performed,16967536,6606394,5949721,4411421,84108,38939,1/5/2022,182.62,71.11,64.04,47.48,4191,7863,0.085,56.48,9291000,402.606,30.6,11.733,7.359,33132.32,0.5,93.32,6.74,15.4,35.4,NA,2.99,82.97,0.919,NA,NA,NA,NA,NA,NA,3.950752
90,Italy,Italy,56.2,1.05,ITA,Europe,19.9,Europe,ITA,2017,NA,Europe,ITA,2017,NA,Europe,ITA,6756035,189088,128801,138276,231,169.286,111915.157,3132.283,2133.616,2290.571,3.827,2.804,NA,1428,23.655,14792,245.033,880,14.577,8644,143.19,1094255,144315182,2390.612,18.127,935993,15.505,0.1376,7.3,tests performed,113616116,48641093,44870240,21606054,661967,463313,1/5/2022,188.21,80.58,74.33,35.79,7675,48727,0.081,74.07,60367471,205.859,47.9,23.021,16.24,35220.084,2,113.151,4.78,19.8,27.8,NA,3.18,83.51,0.892,NA,NA,NA,NA,NA,NA,2.390612
91,Jamaica,Jamaica,29,0.62,JAM,North America,24.7,North America,JAM,2017,NA,North America,JAM,2017,NA,North America,JAM,97066,735,588,2483,4,2.714,32644.103,247.187,197.749,835.054,1.345,0.913,NA,NA,NA,NA,NA,NA,NA,NA,NA,2709,718585,241.666,0.911,1956,0.658,0.3006,3.3,samples tested,1218281,715617,572287,6366,3200,2050,1/5/2022,40.97,24.07,19.25,0.21,689,650,0.022,NA,2973462,266.879,31.4,9.684,6.39,8193.571,NA,206.537,11.28,5.3,28.6,66.425,1.7,74.47,0.734,NA,NA,NA,NA,NA,NA,0.241666
92,Japan,Japan,59.8,1.02,JPN,Asia,4.3,Asia,JPN,2017,NA,Asia,JPN,2017,NA,Asia,JPN,1737540,2490,870.571,18394,1,0.714,13784.443,19.754,6.907,145.925,0.008,0.006,NA,NA,NA,2262,17.945,NA,NA,NA,NA,85750,28190174,223.641,0.68,36195,0.287,0.0241,41.6,people tested,NA,NA,NA,NA,NA,139729,1/5/2022,158.35,NA,NA,NA,1109,55497,0.044,47.22,126050796,347.778,48.2,27.049,18.493,39002.223,NA,79.37,5.72,11.2,33.7,NA,13.05,84.63,0.919,NA,NA,NA,NA,NA,NA,0.223641
93,Jordan,Jordan,42.1,-0.7,JOR,Asia,35.5,Asia,JOR,2017,NA,Asia,JOR,2017,NA,Asia,JOR,1071837,2288,1760.286,12791,26,28.714,104375.762,222.806,171.417,1245.591,2.532,2.796,NA,NA,NA,NA,NA,NA,NA,NA,NA,NA,NA,NA,NA,35794,3.486,0,NA,tests performed,NA,NA,NA,NA,NA,NA,1/5/2022,80.49,NA,NA,NA,NA,NA,NA,NA,10269022,109.285,23.2,3.81,2.361,8337.49,0.1,208.257,11.75,NA,NA,NA,1.4,74.53,0.729,NA,NA,NA,NA,NA,NA,NA
94,Kazakhstan,Kazakhstan,40.7,-1.17,KAZ,Asia,21,Europe,KAZ,2017,NA,Europe,KAZ,2017,0,Asia,KAZ,1074283,494,395.429,18267,11,8,56556.219,26.007,20.818,961.676,0.579,0.421,NA,NA,NA,NA,NA,NA,NA,NA,NA,NA,NA,NA,NA,NA,NA,NA,NA,,17566051,9014952,8551099,NA,33564,16081,1/5/2022,92.48,47.46,45.02,NA,847,7132,0.038,NA,18994958,6.681,30.6,6.991,4.625,24055.588,0.1,466.792,7.11,7,43.1,98.999,6.7,73.6,0.825,NA,NA,NA,NA,0,NA,NA
95,Kenya,Kenya,47.1,-0.36,KEN,Africa,7.1,Africa,KEN,2017,NA,Africa,KEN,2017,3215116,Africa,KEN,304350,2216,2199.857,5404,3,4.571,5535.075,40.301,40.008,98.28,0.055,0.083,NA,NA,NA,NA,NA,NA,NA,NA,NA,NA,NA,NA,NA,NA,NA,NA,NA,,10356914,6977113,4347094,30572,46308,70086,1/5/2022,18.84,12.69,7.91,0.06,1275,46481,0.085,NA,54985702,87.324,20,2.686,1.528,2993.028,36.8,218.637,2.92,1.2,20.4,24.651,1.4,66.7,0.601,NA,NA,NA,NA,3.215116,NA,NA
96,Kenya,Kenya,47.1,-0.36,KEN,Africa,7.1,Africa,KEN,2017,NA,Africa,KEN,2017,3215116,Africa,KEN,304350,2216,2199.857,5404,3,4.571,5535.075,40.301,40.008,98.28,0.055,0.083,NA,NA,NA,NA,NA,NA,NA,NA,NA,NA,NA,NA,NA,NA,NA,NA,NA,,10356914,6977113,4347094,30572,46308,70086,1/5/2022,18.84,12.69,7.91,0.06,1275,46481,0.085,NA,54985702,87.324,20,2.686,1.528,2993.028,36.8,218.637,2.92,1.2,20.4,24.651,1.4,66.7,0.601,NA,NA,NA,NA,3.215116,NA,NA
97,Kosovo,Kosovo,19.2,-0.12,OWID_KOS,Europe,NA,Europe,KOS,2017,NA,Europe,KOS,2017,NA,Europe,OWID_KOS,161813,107,60.571,2991,0,0.143,90798.293,60.041,33.989,1678.343,0,0.08,NA,NA,NA,NA,NA,NA,NA,NA,NA,NA,1407021,789.523,NA,4472,2.509,0.0135,73.8,tests performed,1679639,894348,785291,NA,2639,1487,1/5/2022,94.25,50.18,44.07,NA,834,924,0.052,42.59,1782115,168.155,NA,NA,NA,9795.834,0.6,NA,NA,NA,NA,NA,NA,NA,NA,NA,NA,NA,NA,NA,NA,0.789523
98,Kuwait,Kuwait,46.1,-0.59,KWT,Asia,37.9,Asia,KWT,2017,NA,Asia,KWT,2017,NA,Asia,KWT,423042,2246,995,2469,1,0.143,97732.891,518.88,229.869,570.398,0.231,0.033,NA,NA,NA,NA,NA,NA,NA,NA,NA,25470,6072961,1403,5.884,21682,5.009,0.0459,21.8,tests performed,7062411,3341309,3224987,NA,NA,14965,1/5/2022,163.16,77.19,74.5,NA,3457,861,0.02,26.85,4328553,232.128,33.7,2.345,1.114,65530.537,NA,132.235,15.84,2.7,37,NA,2,75.49,0.806,NA,NA,NA,NA,NA,NA,1.403
99,Kyrgyzstan,Kyrgyzstan,49.3,-0.37,KGZ,Asia,16.6,Europe,KGZ,2017,NA,Europe,KGZ,2017,NA,Asia,KGZ,185031,152,62.714,2809,2,1.429,27915.105,22.932,9.462,423.786,0.302,0.216,NA,NA,NA,NA,NA,NA,NA,NA,NA,NA,NA,NA,NA,NA,NA,NA,NA,,2279184,1241074,1009486,NA,6880,4871,1/5/2022,34.39,18.72,15.23,NA,735,2031,0.031,47.22,6628347,32.333,26.3,4.489,2.882,3393.474,1.4,436.362,7.11,3.6,50.5,89.22,4.5,71.45,0.697,NA,NA,NA,NA,NA,NA,NA
100,Laos,Laos,43.1,-1.74, , ,5.3,Western Pacific,LAO,2017,2,Western Pacific,LAO,2017,9333,Asia,LAO,114787,836,857.857,409,6,7.714,15555.147,113.289,116.251,55.425,0.813,1.045,NA,NA,NA,NA,NA,NA,NA,NA,NA,NA,NA,NA,NA,2677,0.363,0.3205,3.1,people tested,NA,NA,NA,NA,NA,NA,1/5/2022,79,NA,NA,NA,NA,NA,NA,NA,7379358,29.715,24.4,4.029,2.322,6397.36,22.7,368.111,4,7.3,51.2,49.839,1.5,67.92,0.613,NA,NA,NA,NA,0.009333,2.00E-06,NA
101,Latvia,Latvia,62.9,0.81,LVA,Europe,23.6,Europe,LVA,2017,NA,Europe,LVA,2017,NA,Europe,LVA,281155,1835,983.429,4613,13,8.571,150597.182,982.895,526.761,2470.896,6.963,4.591,NA,NA,NA,NA,NA,NA,NA,NA,NA,12766,5591334,2994.929,6.838,7496,4.015,0.1312,7.6,tests performed,2589165,1318200,1267574,283820,12720,5944,1/5/2022,138.69,70.61,67.9,15.2,3184,669,0.036,35.19,1866934,31.212,43.9,19.754,14.136,25063.846,0.7,350.06,4.91,25.6,51,NA,5.57,75.29,0.866,NA,NA,NA,NA,NA,NA,2.994929
102,Lebanon,Lebanon,43.1,-0.5,LBN,Asia,32,Asia,LBN,2017,NA,Asia,LBN,2017,NA,Asia,LBN,746632,5818,3932.714,9213,20,18,110299.209,859.487,580.976,1361.027,2.955,2.659,NA,NA,NA,NA,NA,NA,NA,NA,NA,NA,NA,NA,NA,NA,NA,NA,NA,,4457470,2291730,1847931,317809,22294,15188,1/5/2022,65.85,33.86,27.3,4.69,2244,7728,0.114,42.59,6769151,594.561,31.1,8.514,5.43,13367.565,NA,266.591,12.71,26.9,40.7,NA,2.9,78.93,0.744,NA,NA,NA,NA,NA,NA,NA
103,Lesotho,Lesotho,30.2,0.08, , ,16.6,Africa,LSO,2017,NA,Africa,LSO,2017,NA,Africa,LSO,29999,0,257.714,673,0,1.143,13894.428,0,119.364,311.709,0,0.529,NA,NA,NA,NA,NA,NA,NA,NA,NA,NA,NA,NA,NA,NA,NA,NA,NA,,NA,NA,NA,NA,NA,NA,1/5/2022,31.87,NA,NA,NA,NA,NA,NA,45.37,2159067,73.562,22.2,4.506,2.647,2851.153,59.6,405.126,3.94,0.4,53.9,2.117,NA,54.33,0.527,NA,NA,NA,NA,NA,NA,NA
104,Liberia,Liberia,35.1,-0.04,LBR,Africa,9.9,Africa,LBR,2017,758,Africa,LBR,2017,NA,Africa,LBR,6851,447,81.857,287,0,0,1322.534,86.29,15.802,55.403,0,0,NA,NA,NA,NA,NA,NA,NA,NA,NA,NA,NA,NA,NA,NA,NA,NA,NA,,NA,NA,NA,NA,NA,NA,1/5/2022,22.14,NA,NA,NA,NA,NA,NA,29.63,5180208,49.127,19.2,3.057,1.756,752.788,38.6,272.509,2.42,1.5,18.1,1.188,0.8,64.1,0.48,NA,NA,NA,NA,NA,0.000758,NA
105,Libya,Libya,25.7,-1.52,LBY,Africa,32.5,Africa,LBY,2017,NA,Africa,LBY,2017,NA,Africa,LBY,391633,698,584.286,5752,12,9.571,56280.931,100.308,83.967,826.61,1.725,1.375,NA,NA,NA,NA,NA,NA,NA,NA,NA,NA,NA,NA,NA,NA,NA,NA,NA,,NA,NA,NA,NA,NA,9635,1/5/2022,38.51,NA,NA,NA,1385,4325,0.062,42.59,6958538,3.623,29,4.424,2.816,17881.509,NA,341.862,10.43,NA,NA,NA,3.7,72.91,0.724,NA,NA,NA,NA,NA,NA,NA
106,Liechtenstein,Liechtenstein,43.5,1.32,LIE,Europe,NA,Europe,LIE,2017,NA,Europe,LIE,2017,NA,Europe,LIE,6406,58,39.286,71,0,0.286,167459.612,1516.181,1026.97,1856.015,0,7.469,NA,NA,NA,NA,NA,NA,NA,NA,NA,255,89599,2342.213,6.666,201,5.254,0.319,3.1,tests performed,64610,26223,25687,13622,518,230,1/5/2022,168.9,68.55,67.15,35.61,6012,10,0.026,NA,38254,237.012,NA,NA,NA,NA,NA,NA,7.77,NA,NA,NA,2.397,82.49,0.919,NA,NA,NA,NA,NA,NA,2.342213
107,Lithuania,Lithuania,55,0.92,LTU,Europe,26.3,Europe,LTU,2017,NA,Europe,LTU,2017,NA,Europe,LTU,529540,3097,1949.714,7475,13,17.857,196865.118,1151.36,724.838,2778.953,4.833,6.639,NA,NA,NA,NA,NA,NA,NA,NA,NA,19961,6995599,2600.728,7.421,15497,5.761,0.162,6.2,tests performed,4190710,1922846,1836785,702686,21968,12057,1/5/2022,155.8,71.48,68.29,26.12,4482,1089,0.04,50,2689862,45.135,43.5,19.002,13.778,29524.265,0.7,342.989,3.67,21.3,38,NA,6.56,75.93,0.882,NA,NA,NA,NA,NA,NA,2.600728
108,Luxembourg,Luxembourg,43.8,1.57,LUX,Europe,22.6,Europe,LUX,2017,NA,Europe,LUX,2017,NA,Europe,LUX,108366,2131,1015.714,920,2,1.286,170705.12,3356.889,1600.019,1449.243,3.151,2.025,NA,NA,NA,NA,NA,NA,NA,NA,NA,6113,3841779,6051.818,9.63,3985,6.277,0.2549,3.9,tests performed,1097305,466355,NA,225346,8243,4592,1/5/2022,172.85,73.46,NA,35.5,7234,433,0.068,46.3,634814,231.447,39.7,14.312,9.842,94277.965,0.2,128.275,4.42,20.9,26,NA,4.51,82.25,0.916,NA,NA,NA,NA,NA,NA,6.051818
109,Madagascar,Madagascar,40.1,-0.31, , ,5.3,Africa,MDG,2017,370,Africa,MDG,2017,800661,Africa,MDG,52434,0,307.857,1067,0,5.714,1844.492,0,10.83,37.534,0,0.201,NA,NA,NA,NA,NA,NA,NA,NA,NA,NA,NA,NA,NA,1461,0.051,0.2107,4.7,tests performed,971426,817386,767113,NA,NA,7645,1/5/2022,3.42,2.88,2.7,NA,269,7613,0.027,NA,28427333,43.951,19.6,2.929,1.686,1416.44,77.6,405.994,3.94,NA,NA,50.54,0.2,67.04,0.528,NA,NA,NA,NA,0.800661,0.00037,NA
110,Malawi,Malawi,28,-0.06,MWI,Africa,5.8,Africa,MWI,2017,3613,Africa,MWI,2017,4901344,Africa,MWI,77629,828,627.286,2395,9,6.429,3951.052,42.142,31.927,121.897,0.458,0.327,NA,NA,NA,NA,NA,NA,NA,NA,NA,NA,NA,NA,NA,NA,NA,NA,NA,,1816292,1494687,719941,NA,2823,5490,1/5/2022,9.24,7.61,3.66,NA,279,1314,0.007,39.81,19647681,197.519,18.1,2.979,1.783,1095.042,71.4,227.349,3.94,4.4,24.7,8.704,1.3,64.26,0.483,NA,NA,NA,NA,4.901344,0.003613,NA
111,Malaysia,Malaysia,62.2,-0.08,MYS,Asia,15.6,Western Pacific,MYS,2017,12,Western Pacific,MYS,2017,85,Asia,MYS,2773156,3270,3234.286,31609,18,25.857,84608.845,99.768,98.678,964.389,0.549,0.789,NA,257,7.841,2512,76.641,NA,NA,2482,75.726,128731,42430299,1294.546,3.928,112224,3.424,0.0288,34.7,people tested,58581426,26017717,25640440,7124178,248055,176148,1/5/2022,178.73,79.38,78.23,21.74,5374,2551,0.008,50.46,32776195,96.254,29.9,6.293,3.407,26808.164,0.1,260.942,16.74,1,42.4,NA,1.9,76.16,0.81,NA,NA,NA,NA,8.50E-05,1.20E-05,1.294546
112,Maldives,Maldives,33.8,-0.66, , ,8.6,Asia,MDV,2017,NA,Asia,MDV,2017,NA,Asia,MDV,96746,224,189.429,263,0,0.143,177966.226,412.053,348.458,483.794,0,0.263,NA,NA,NA,NA,NA,NA,NA,NA,NA,4130,1894312,3484.625,7.597,3882,7.141,0.0488,20.5,samples tested,791929,396916,367950,27063,315,254,1/5/2022,145.68,73.01,67.69,4.98,467,20,0.004,NA,543620,1454.433,30.6,4.12,2.875,15183.616,NA,164.905,9.19,2.1,55,95.803,NA,78.92,0.74,NA,NA,NA,NA,NA,NA,3.484625
113,Mali,Mali,29,-0.31,MLI,Africa,8.6,Africa,MLI,2017,1050,Africa,MLI,2017,1918376,Africa,MLI,22834,451,338,670,0,1.714,1094.855,21.625,16.207,32.125,0,0.082,NA,NA,NA,NA,NA,NA,NA,NA,NA,NA,NA,NA,NA,NA,NA,NA,NA,,1196941,900986,518229,NA,NA,19049,1/5/2022,5.74,4.32,2.48,NA,913,2857,0.014,40.74,20855724,15.196,16.4,2.519,1.486,2014.306,NA,268.024,2.42,1.6,23,52.232,0.1,59.31,0.434,NA,NA,NA,NA,1.918376,0.00105,NA
114,Malta,Malta,37.3,1.12,MLT,Europe,28.9,Europe,MLT,2017,NA,Europe,MLT,2017,NA,Europe,MLT,57131,922,1059.143,482,3,0.857,110697.539,1786.475,2052.205,933.928,5.813,1.661,NA,NA,NA,NA,NA,NA,NA,NA,NA,6734,1581051,3063.459,13.048,6890,13.35,0.1537,6.5,tests performed,1106647,447717,436529,254889,9617,6603,1/5/2022,214.42,86.75,84.58,49.39,12794,621,0.12,43.52,516100,1454.037,42.4,19.426,11.324,36513.323,0.2,168.711,8.83,20.9,30.2,NA,4.485,82.53,0.895,NA,NA,NA,NA,NA,NA,3.063459
115,Mauritania,Mauritania,27.5,-0.85,MRT,Africa,12.7,Africa,MRT,2017,67,Africa,MRT,2017,20105,Africa,MRT,44646,1149,534.286,876,2,2,9349.732,240.623,111.89,183.451,0.419,0.419,NA,NA,NA,NA,NA,NA,NA,NA,NA,NA,NA,NA,NA,NA,NA,NA,NA,,NA,NA,NA,NA,NA,69321,1/5/2022,48.66,NA,NA,NA,14517,39930,0.836,33.33,4775110,4.289,20.3,3.138,1.792,3597.633,6,232.347,2.42,NA,NA,15.95,NA,64.92,0.546,NA,NA,NA,NA,0.020105,6.70E-05,NA
116,Mauritius,Mauritius,34.9,0.76,MUS,Africa,10.8,Africa,MUS,2017,NA,Africa,MUS,2017,0,Africa,MUS,23602,0,44.143,240,0,0,18534.224,0,34.665,188.468,0,0,NA,NA,NA,NA,NA,NA,NA,NA,NA,NA,NA,NA,NA,NA,NA,NA,NA,,NA,NA,NA,NA,NA,1652,1/5/2022,160.07,NA,NA,NA,1297,408,0.032,50.93,1273428,622.962,37.4,10.945,5.884,20292.745,0.5,224.644,22.02,3.2,40.7,NA,3.4,74.99,0.804,NA,NA,NA,NA,0,NA,NA
117,Mexico,Mexico,57.6,-0.01,MEX,North America,28.9,Americas,MEX,2017,0,Americas,MEX,2017,736,North America,MEX,4029274,20626,10414.571,299842,131,128.286,30932.023,158.342,79.951,2301.834,1.006,0.985,NA,NA,NA,NA,NA,NA,NA,NA,NA,51142,12032510,92.371,0.393,30157,0.232,0.468,2.1,people tested,NA,NA,NA,NA,NA,NA,1/5/2022,114.34,NA,NA,NA,NA,NA,NA,31.48,130262220,66.444,29.3,6.857,4.321,17336.469,2.5,152.783,13.06,6.9,21.4,87.847,1.38,75.05,0.779,NA,NA,NA,NA,0.000736,0,0.092371
118,Moldova,Moldova,42.9,-0.11,MDA,Europe,18.9,Europe,MDA,2017,NA,Europe,MDA,2017,NA,Europe,MDA,378202,706,406.286,10328,9,10.857,93985.997,175.446,100.965,2566.584,2.237,2.698,NA,NA,NA,NA,NA,NA,NA,NA,NA,NA,NA,NA,NA,NA,NA,NA,NA,,1791089,NA,986001,NA,6463,2621,1/5/2022,44.51,NA,24.5,NA,651,NA,NA,27.78,4024025,123.655,37.6,10.864,6.955,5189.972,0.2,408.502,5.72,5.9,44.6,86.979,5.8,71.9,0.75,NA,NA,NA,NA,NA,NA,NA
119,Monaco,Monaco,32.7,0.66,MCO,Europe,NA,Europe,MCO,2017,NA,Europe,MCO,2017,NA,Europe,MCO,5492,507,72.429,41,2,0.429,138967.611,12828.947,1832.707,1037.449,50.607,10.844,NA,NA,NA,NA,NA,NA,NA,NA,NA,NA,NA,NA,NA,NA,NA,NA,NA,,NA,NA,NA,NA,NA,NA,1/5/2022,126.47,NA,NA,NA,NA,NA,NA,NA,39520,19347.5,NA,NA,NA,NA,NA,NA,5.46,NA,NA,NA,13.8,86.75,NA,NA,NA,NA,NA,NA,NA,NA
120,Mongolia,Mongolia,49.5,0.26, , ,20.6,Asia,MNG,2017,NA,Asia,MNG,2017,NA,Asia,MNG,391657,570,366.857,2067,2,1.286,117640.08,171.208,110.191,620.855,0.601,0.386,NA,NA,NA,NA,NA,NA,NA,NA,NA,NA,NA,NA,NA,5781,1.736,0.0635,15.8,samples tested,5353583,2266323,2164579,922681,3517,2284,1/5/2022,160.8,68.07,65.02,27.71,686,53,0.002,40.28,3329282,1.98,28.6,4.031,2.421,11840.846,0.5,460.043,4.82,5.5,46.5,71.18,7,69.87,0.737,NA,NA,NA,NA,NA,NA,NA
121,Montenegro,Montenegro,43.7,0.08,MNE,Europe,23.3,Europe,MNE,2017,NA,Europe,MNE,2017,NA,Europe,MNE,180260,2805,1954.143,2428,6,3.857,287014.908,4466.198,3111.44,3865.928,9.553,6.141,NA,NA,NA,NA,NA,NA,NA,NA,NA,NA,NA,NA,NA,NA,NA,NA,NA,,637675,284367,273633,79675,1583,1006,1/5/2022,101.53,45.28,43.57,12.69,1602,144,0.023,NA,628051,46.28,39.1,14.762,9.395,16409.288,1,387.305,10.08,44,47.9,NA,3.861,76.88,0.829,NA,NA,NA,NA,NA,NA,NA
122,Montserrat,Montserrat,NA,NA,MSR,North America,NA,North America,MSR,2017,NA,North America,MSR,2017,NA,North America,MSR,76,10,4.429,1,0,0,15257.98,2007.629,889.093,200.763,0,0,NA,NA,NA,NA,NA,NA,NA,NA,NA,NA,NA,NA,NA,NA,NA,NA,NA,,NA,NA,NA,NA,NA,5,1/5/2022,60.63,NA,NA,NA,1004,4,0.08,NA,4981,NA,NA,NA,NA,NA,NA,NA,NA,NA,NA,NA,NA,74.16,NA,NA,NA,NA,NA,NA,NA,NA
123,Morocco,Morocco,43.7,-0.66,MAR,Africa,26.1,Eastern Mediterranean,MAR,2017,NA,Eastern Mediterranean,MAR,2017,0,Africa,MAR,977579,5618,2640.143,14872,5,4.286,26177.121,150.436,70.696,398.235,0.134,0.115,NA,NA,NA,NA,NA,NA,NA,NA,NA,25883,9962366,266.767,0.693,16605,0.445,0.159,6.3,people tested,NA,NA,NA,NA,NA,70620,1/5/2022,136.04,NA,NA,NA,1891,5017,0.013,NA,37344787,80.08,29.6,6.769,4.209,7485.013,1,419.146,7.14,0.8,47.1,NA,1.1,76.68,0.686,NA,NA,NA,NA,0,NA,0.266767
124,Mozambique,Mozambique,28.1,-0.47, , ,7.2,Africa,MOZ,2017,1114,Africa,MOZ,2017,8921081,Africa,MOZ,199940,3594,2952.571,2050,8,8.857,6216.451,111.743,91.8,63.738,0.249,0.275,NA,NA,NA,NA,NA,NA,NA,NA,NA,NA,NA,NA,NA,NA,NA,NA,NA,,NA,NA,NA,NA,NA,104342,1/5/2022,45.76,NA,NA,NA,3244,49118,0.153,NA,32163045,37.728,17.7,3.158,1.87,1136.103,62.9,329.942,3.3,5.1,29.1,12.227,0.7,60.85,0.456,NA,NA,NA,NA,8.921081,0.001114,NA
125,Myanmar,Myanmar,43.4,-0.89,MMR,Asia,5.8,South-East Asia,MMR,2017,30,South-East Asia,MMR,2017,19619,Asia,MMR,531432,133,165.143,19282,4,2.857,9696.6,2.427,3.013,351.823,0.073,0.052,NA,NA,NA,NA,NA,NA,NA,NA,NA,NA,NA,NA,NA,NA,NA,NA,NA,samples tested,NA,NA,NA,NA,NA,NA,1/5/2022,66.39,NA,NA,NA,NA,NA,NA,80.56,54806014,81.721,29.1,5.732,3.12,5591.597,6.4,202.104,4.61,6.3,35.2,79.287,0.9,67.13,0.583,NA,NA,NA,NA,0.019619,3.00E-05,NA
126,Namibia,Namibia,35.6,0.49, , ,17.2,Africa,NAM,2017,104,Africa,NAM,2017,54268,Africa,NAM,150540,395,545.714,3672,16,8,58183.218,152.666,210.917,1419.216,6.184,3.092,NA,NA,NA,NA,NA,NA,NA,NA,NA,2282,881231,340.593,0.882,2039,0.788,0.2676,3.7,samples tested,NA,NA,NA,NA,NA,731,1/5/2022,28.8,NA,NA,NA,283,314,0.012,28.7,2587344,3.078,22,3.552,2.085,9541.808,13.4,243.811,3.94,9.7,34.2,44.6,NA,63.71,0.646,NA,NA,NA,NA,0.054268,0.000104,0.340593
127,Nepal,Nepal,20.8,-0.13, , ,4.1,South-East Asia,NPL,2017,3,South-East Asia,NPL,2017,623,Asia,NPL,830002,370,290,11601,0,1.571,27969.814,12.468,9.773,390.936,0,0.053,NA,NA,NA,NA,NA,NA,NA,NA,NA,6715,4894533,164.938,0.226,7125,0.24,0.0407,24.6,tests performed,NA,NA,NA,NA,NA,NA,1/5/2022,85.17,NA,NA,NA,NA,NA,NA,54.17,29674920,204.43,25,5.809,3.212,2442.804,15,260.797,7.26,9.5,37.8,47.782,0.3,70.78,0.602,NA,NA,NA,NA,0.000623,3.00E-06,0.164938
128,Niger,Niger,32.2,-0.58,NER,Africa,5.5,Africa,NER,2017,2316,Africa,NER,2017,2638580,Africa,NER,7590,0,40.429,277,0,0.429,302.02,0,1.609,11.022,0,0.017,NA,NA,NA,NA,NA,NA,NA,NA,NA,NA,NA,NA,NA,NA,NA,NA,NA,,NA,NA,NA,NA,NA,18757,1/5/2022,3.87,NA,NA,NA,746,21340,0.085,NA,25130810,16.955,15.1,2.553,1.378,926,44.5,238.339,2.42,0.1,15.4,8.978,0.3,62.42,0.394,NA,NA,NA,NA,2.63858,0.002316,NA
129,Nigeria,Nigeria,37.8,-0.41,NGA,Africa,8.9,Africa,NGA,2017,NA,Africa,NGA,2017,11571958,Africa,NGA,245404,856,716.714,3058,5,4,1160.848,4.049,3.39,14.465,0.024,0.019,NA,NA,NA,NA,NA,NA,NA,NA,NA,NA,NA,NA,NA,3314,0.016,0.2163,4.6,samples tested,NA,NA,NA,NA,NA,138965,1/5/2022,7.02,NA,NA,NA,657,113895,0.054,NA,211400704,209.588,18.1,2.751,1.447,5338.454,NA,181.013,2.42,0.6,10.8,41.949,NA,54.69,0.539,NA,NA,NA,NA,11.571958,NA,NA
130,Norway,Norway,64.6,1.73,NOR,Europe,23.1,Europe,NOR,2017,NA,Europe,NOR,2017,NA,Europe,NOR,420857,8385,4808.714,1349,42,6.286,77000.653,1534.133,879.81,246.815,7.684,1.15,NA,NA,NA,NA,NA,NA,NA,NA,NA,27334,9365530,1713.532,5.001,19448,3.558,0.2473,4,people tested,9965281,4288662,3930671,1745948,99817,31495,1/5/2022,182.33,78.47,71.92,31.94,5762,624,0.011,NA,5465629,14.462,39.7,16.821,10.813,64800.057,0.2,114.316,5.31,19.6,20.7,NA,3.6,82.4,0.957,NA,NA,NA,NA,NA,NA,1.713532
131,Oman,Oman,43.1,-1.03,OMN,Asia,27,Eastern Mediterranean,OMN,2017,NA,Eastern Mediterranean,OMN,2017,0,Asia,OMN,306492,252,162.143,4117,0,0.143,58676.994,48.245,31.042,788.188,0,0.027,NA,NA,NA,NA,NA,NA,NA,NA,NA,NA,NA,NA,NA,NA,NA,NA,NA,,NA,NA,NA,NA,NA,NA,1/5/2022,117.13,NA,NA,NA,NA,NA,NA,58.33,5223376,14.98,30.7,2.355,1.53,37960.709,NA,266.342,12.61,0.5,15.6,97.4,1.6,77.86,0.813,NA,NA,NA,NA,0,NA,NA
132,Pakistan,Pakistan,35.5,-0.8,PAK,Asia,8.6,Eastern Mediterranean,PAK,2017,113,Eastern Mediterranean,PAK,2017,350467,Asia,PAK,1299848,1085,712.429,28955,5,4.857,5771.973,4.818,3.164,128.575,0.022,0.022,NA,NA,NA,NA,NA,NA,NA,NA,NA,49673,23608645,104.834,0.221,47823,0.212,0.0149,67.1,tests performed,160651005,98863864,72995114,NA,750392,800125,1/5/2022,71.34,43.9,32.41,NA,3553,399112,0.177,24.54,225199929,255.573,23.5,4.495,2.78,5034.708,4,423.031,8.35,2.8,36.7,59.607,0.6,67.27,0.557,NA,NA,NA,NA,0.350467,0.000113,0.104834
133,Palestine,Palestine,21.9,NA,PSE,Asia,NA,Asia,PSE,2017,NA,Asia,PSE,2017,NA,Asia,PSE,471414,324,238,4954,7,5,90261.54,62.036,45.57,948.541,1.34,0.957,NA,NA,NA,NA,NA,NA,NA,NA,NA,5707,NA,NA,1.093,5431,1.04,0.0438,22.8,tests performed,NA,NA,NA,NA,NA,NA,1/5/2022,64.78,NA,NA,NA,NA,NA,NA,NA,5222756,778.202,20.4,3.043,1.726,4449.898,1,265.91,10.59,NA,NA,NA,NA,74.05,0.708,NA,NA,NA,NA,NA,NA,NA
134,Panama,Panama,43.7,0.58,PAN,North America,22.7,Americas,PAN,2017,0,Americas,PAN,2017,649,North America,PAN,503407,3259,1766.286,7445,5,2.857,114891.581,743.795,403.116,1699.158,1.141,0.652,NA,NA,NA,NA,NA,NA,NA,NA,NA,21991,4579203,1045.102,5.019,17128,3.909,0.1031,9.7,tests performed,5950477,3031791,2471549,447137,31206,11607,1/5/2022,135.81,69.19,56.41,10.2,2649,569,0.013,57.41,4381583,55.133,29.7,7.918,5.03,22267.037,2.2,128.346,8.33,2.4,9.9,NA,2.3,78.51,0.815,NA,NA,NA,NA,0.000649,0,1.045102
135,Papua New Guinea,Papua New Guinea,27.8,0.04, , ,21.3,Western Pacific,PNG,2017,273,Western Pacific,PNG,2017,478340,Oceania,PNG,36196,3,8.429,590,0,0,3969.293,0.329,0.924,64.7,0,0,NA,NA,NA,NA,NA,NA,NA,NA,NA,NA,NA,NA,NA,NA,NA,NA,NA,,NA,NA,NA,NA,NA,487,1/5/2022,5.6,NA,NA,NA,53,209,0.002,NA,9119005,18.22,22.6,3.808,2.142,3823.194,NA,561.494,17.65,23.5,48.8,NA,NA,64.5,0.555,NA,NA,NA,NA,0.47834,0.000273,NA
136,Paraguay,Paraguay,35.7,0.05,PRY,South America,20.3,Americas,PRY,2017,0,Americas,PRY,2017,0,South America,PRY,471434,974,801.429,16653,8,5.286,65298.815,134.91,111.007,2306.624,1.108,0.732,NA,NA,NA,NA,NA,NA,NA,NA,NA,4866,2064864,286.006,0.674,4544,0.629,0.1764,5.7,tests performed,NA,NA,NA,NA,NA,28290,1/5/2022,94.65,NA,NA,NA,3918,2133,0.03,NA,7219641,17.144,26.5,6.378,3.833,8827.01,1.7,199.128,8.27,5,21.6,79.602,1.3,74.25,0.728,NA,NA,NA,NA,0,0,0.286006
137,Peru,Peru,49.2,0.23,PER,South America,19.47,Americas,PER,2017,10,Americas,PER,2017,55367,South America,PER,2318543,8687,4435.571,202904,37,45.714,69501.908,260.406,132.963,6082.361,1.109,1.37,NA,NA,NA,NA,NA,NA,NA,NA,NA,NA,NA,NA,NA,NA,NA,NA,NA,,50893050,24578473,21765787,4548790,269268,162000,1/5/2022,152.56,73.68,65.25,13.64,4856,16881,0.051,71.3,33359415,25.129,29.1,7.151,4.455,12236.706,3.5,85.755,5.95,4.8,NA,NA,1.6,76.74,0.777,NA,NA,NA,NA,0.055367,1.00E-05,NA
138,Philippines,Philippines,47.6,0.04,PHL,Asia,6.4,Western Pacific,PHL,2017,4,Western Pacific,PHL,2017,3950,Asia,PHL,2871745,10626,4565,51662,58,60.143,25860.648,95.689,41.109,465.227,0.522,0.542,NA,NA,NA,NA,NA,NA,NA,NA,NA,72185,24009227,216.208,0.65,41562,0.374,0.1098,9.1,people tested,110875575,NA,51085070,2461880,785956,424239,1/5/2022,99.85,NA,46,2.22,3820,NA,NA,NA,111046910,351.873,25.2,4.803,2.661,7599.188,NA,370.437,7.07,7.8,40.8,78.463,1,71.23,0.718,NA,NA,NA,NA,0.00395,4.00E-06,0.216208
139,Poland,Poland,55.4,0.72,POL,Europe,23.1,Europe,POL,2017,NA,Europe,POL,2017,NA,Europe,POL,4162715,17197,11776.143,98666,632,422.714,110133.476,454.983,311.563,2610.419,16.721,11.184,NA,NA,NA,NA,NA,NA,NA,NA,NA,108767,27049481,715.652,2.878,81050,2.144,0.1453,6.9,people tested,47740564,21784310,21148641,7419284,292347,140664,1/5/2022,126.31,57.64,55.95,19.63,3722,22160,0.059,39.81,37797000,124.027,41.8,16.763,10.202,27216.445,NA,227.331,5.91,23.3,33.1,NA,6.62,78.73,0.88,NA,NA,NA,NA,NA,NA,0.715652
140,Portugal,Portugal,60.3,1.2,PRT,Europe,20.8,Europe,PRT,2017,NA,Europe,PRT,2017,NA,Europe,PRT,1499976,39570,24259.714,19029,14,15.429,147520.393,3891.65,2385.907,1871.474,1.377,1.517,NA,143,14.064,1251,123.034,NA,NA,NA,NA,264802,27780292,2732.15,26.043,243132,23.912,0.0998,10,tests performed,19650795,9214627,9115972,3239565,83128,58583,1/5/2022,193.26,90.62,89.65,31.86,5762,1298,0.013,40.74,10167923,112.371,46.2,21.502,14.924,27936.896,0.5,127.842,9.85,16.3,30,NA,3.39,82.05,0.864,NA,NA,NA,NA,NA,NA,2.73215
141,Qatar,Qatar,41.2,-1.2,QAT,Asia,35.1,Asia,QAT,2017,NA,Asia,QAT,2017,NA,Asia,QAT,257504,2273,1179.857,618,0,0.286,87869.61,775.629,402.61,210.884,0,0.097,NA,NA,NA,NA,NA,NA,NA,NA,NA,NA,NA,NA,NA,NA,NA,NA,NA,,5245738,NA,NA,NA,10435,8285,1/5/2022,179,NA,NA,NA,2827,NA,NA,NA,2930524,227.322,31.9,1.307,0.617,116935.6,NA,176.69,16.52,0.8,26.9,NA,1.2,80.23,0.848,NA,NA,NA,NA,NA,NA,NA
142,Romania,Romania,45.8,0.46,ROU,Europe,22.5,Europe,ROU,2017,NA,Europe,ROU,2017,NA,Europe,ROU,1821849,4893,2303.286,58896,30,31.286,95246.273,255.806,120.416,3079.083,1.568,1.636,NA,NA,NA,NA,NA,NA,NA,NA,NA,NA,NA,NA,NA,39213,2.05,0.0587,17,tests performed,15945962,NA,7848712,NA,33277,17726,1/5/2022,83.37,NA,41.03,NA,927,NA,NA,NA,19127772,85.129,43,17.85,11.69,23313.199,5.7,370.946,9.74,22.9,37.1,NA,6.892,76.05,0.828,NA,NA,NA,NA,NA,NA,NA
143,Russia,Russia,44.3,-1.06,RUS,Europe,23.1,Europe,RUS,2017,NA,Europe,RUS,2017,NA,Europe,RUS,10405684,15632,18096.429,306710,804,832,71314.782,107.133,124.023,2102.02,5.51,5.702,NA,NA,NA,NA,NA,NA,NA,NA,NA,NA,NA,NA,NA,337988,2.316,0.0535,18.7,tests performed,NA,NA,NA,NA,NA,84074,1/5/2022,100.56,NA,NA,NA,576,19625,0.013,54.17,145912022,8.823,39.6,14.178,9.393,24765.954,0.1,431.297,6.18,23.4,58.3,NA,8.05,72.58,0.824,NA,NA,NA,NA,NA,NA,NA
144,Rwanda,Rwanda,34.2,-1.13, , ,5.8,Africa,RWA,2017,376,Africa,RWA,2017,1876123,Africa,RWA,117123,1066,1150.429,1362,5,1.857,8821.817,80.292,86.651,102.587,0.377,0.14,NA,NA,NA,NA,NA,NA,NA,NA,NA,19074,4070876,306.622,1.437,18351,1.382,0.0627,16,samples tested,NA,NA,NA,NA,NA,55230,1/5/2022,98.92,NA,NA,NA,4160,19463,0.147,50.46,13276517,494.869,20.3,2.974,1.642,1854.211,56,191.375,4.28,4.7,21,4.617,NA,69.02,0.543,NA,NA,NA,NA,1.876123,0.000376,0.306622
145,Saint Kitts and Nevis,Saint Kitts and Nevis,26.2,0.9, , ,22.9,North America,KNA,2017,NA,North America,KNA,2017,NA,North America,KNA,3489,156,81.571,28,0,0,65158.929,2913.383,1523.39,522.915,0,0,NA,NA,NA,NA,NA,NA,NA,NA,NA,NA,60756,1134.651,NA,357,6.667,0.2285,4.4,people tested,55279,27678,25736,1865,NA,59,1/5/2022,103.24,51.69,48.06,3.48,1102,9,0.017,NA,53546,212.865,NA,NA,NA,24654.385,NA,NA,12.84,NA,NA,NA,2.3,76.23,0.779,NA,NA,NA,NA,NA,NA,1.134651
146,Saint Lucia,Saint Lucia,35.3,0.86, , ,19.7,North America,LCA,2017,NA,North America,LCA,2017,NA,North America,LCA,13974,93,80.571,305,4,1.429,75780.5,504.336,436.936,1654.004,21.692,7.747,NA,NA,NA,NA,NA,NA,NA,NA,NA,NA,NA,NA,NA,NA,NA,NA,NA,,105409,55851,49558,NA,NA,87,1/5/2022,57.16,30.29,26.88,NA,472,33,0.018,NA,184401,293.187,34.9,9.721,6.405,12951.839,NA,204.62,11.62,NA,NA,87.202,1.3,76.2,0.759,NA,NA,NA,NA,NA,NA,NA
147,Saint Vincent and the Grenadines,Saint Vincent and the Grenadines,33,0.88, , ,23.7,North America,VCT,2017,NA,North America,VCT,2017,NA,North America,VCT,6039,48,27,83,0,0.286,54273.877,431.387,242.655,745.94,0,2.568,NA,NA,NA,NA,NA,NA,NA,NA,NA,NA,NA,NA,NA,NA,NA,NA,NA,,NA,NA,NA,NA,NA,NA,1/5/2022,55,NA,NA,NA,NA,NA,NA,NA,111269,281.787,31.8,7.724,4.832,10727.146,NA,252.675,11.62,NA,NA,NA,2.6,72.53,0.738,NA,NA,NA,NA,NA,NA,NA
148,San Marino,San Marino,31.1,1.15,SMR,Europe,NA,Europe,SMR,2017,NA,Europe,SMR,2017,NA,Europe,SMR,8847,165,148.429,103,1,0.571,260129.374,4851.514,4364.263,3028.521,29.403,16.802,NA,NA,NA,NA,NA,NA,NA,NA,NA,NA,NA,NA,NA,NA,NA,NA,NA,,NA,NA,NA,NA,NA,NA,1/5/2022,167.01,NA,NA,NA,NA,NA,NA,37.96,34010,556.667,NA,NA,NA,56861.47,NA,NA,5.64,NA,NA,NA,3.8,84.97,NA,NA,NA,NA,NA,NA,NA,NA
149,Sao Tome and Principe,Sao Tome and Principe,17.7,0.16, , ,12.4,Africa,STP,2017,1,Africa,STP,2017,2239,Africa,STP,4034,24,30.714,61,3,0.571,18060.207,107.448,137.508,273.097,13.431,2.558,NA,NA,NA,NA,NA,NA,NA,NA,NA,NA,NA,NA,NA,NA,NA,NA,NA,,NA,NA,NA,NA,NA,NA,1/5/2022,61.61,NA,NA,NA,NA,NA,NA,NA,223364,212.841,18.7,2.886,2.162,3052.714,32.3,270.113,2.42,NA,NA,41.34,2.9,70.39,0.625,NA,NA,NA,NA,0.002239,1.00E-06,NA
150,Saudi Arabia,Saudi Arabia,49.3,-1.64,SAU,Asia,35.4,Eastern Mediterranean,SAU,2017,0,Eastern Mediterranean,SAU,2017,177,Asia,SAU,565482,3045,1545.286,8886,3,1.714,16000.881,86.161,43.725,251.438,0.085,0.049,NA,NA,NA,NA,NA,NA,NA,NA,NA,134397,33885624,958.828,3.803,107304,3.036,0.0144,69.4,tests performed,51965922,25078227,23282850,3604845,234610,212638,1/5/2022,147.04,70.96,65.88,10.2,6017,11165,0.032,NA,35340680,15.322,31.9,3.295,1.845,49045.411,NA,259.538,17.72,1.8,25.4,NA,2.7,75.13,0.854,NA,NA,NA,NA,0.000177,0,0.958828
151,Senegal,Senegal,37.9,0.24,SEN,Africa,8.8,Africa,SEN,2017,284,Africa,SEN,2017,395706,Africa,SEN,76753,520,297.286,1892,1,0.286,4463.342,30.239,17.288,110.024,0.058,0.017,NA,NA,NA,NA,NA,NA,NA,NA,NA,2398,945004,54.954,0.139,1971,0.115,0.1508,6.6,tests performed,NA,NA,NA,NA,NA,8115,1/5/2022,13.35,NA,NA,NA,472,1575,0.009,21.3,17196308,82.328,18.7,3.008,1.796,2470.58,38,241.219,2.42,0.4,16.6,20.859,NA,67.94,0.512,NA,NA,NA,NA,0.395706,0.000284,0.054954
152,Serbia,Serbia,52.3,NA,SRB,Europe,21.5,Europe,SRB,2017,NA,Europe,SRB,2017,NA,Europe,SRB,1318333,7488,3305,12831,25,23.714,191853.887,1089.711,480.969,1867.265,3.638,3.451,NA,74,10.769,2194,319.288,NA,NA,NA,NA,25516,7322691,1065.654,3.713,16783,2.442,0.1969,5.1,people tested,NA,NA,NA,NA,NA,5861,1/5/2022,120.65,NA,NA,NA,853,814,0.012,NA,6871547,80.291,41.2,17.366,NA,14048.881,NA,439.415,10.08,37.7,40.2,97.719,5.609,76,0.806,NA,NA,NA,NA,NA,NA,1.065654
153,Seychelles,Seychelles,31.9,0.21, , ,14,Africa,SYC,2017,NA,Africa,SYC,2017,NA,Africa,SYC,26255,645,244.143,134,0,0,265443.332,6521.08,2468.333,1354.767,0,0,NA,NA,NA,NA,NA,NA,NA,NA,NA,NA,NA,NA,NA,NA,NA,NA,NA,,NA,NA,NA,NA,NA,NA,1/5/2022,185.49,NA,NA,NA,NA,NA,NA,NA,98910,208.354,36.2,8.606,5.586,26382.287,1.1,242.648,10.55,7.1,35.7,NA,3.6,73.4,0.796,NA,NA,NA,NA,NA,NA,NA
154,Sierra Leone,Sierra Leone,38.2,-0.18,SLE,Africa,8.7,Africa,SLE,2017,1298,Africa,SLE,2017,1651236,Africa,SLE,7308,40,59.571,123,0,0,897.641,4.913,7.317,15.108,0,0,NA,NA,NA,NA,NA,NA,NA,NA,NA,NA,NA,NA,NA,NA,NA,NA,NA,,NA,NA,NA,NA,NA,NA,1/5/2022,11.35,NA,NA,NA,NA,NA,NA,NA,8141343,104.7,19.1,2.538,1.285,1390.3,52.2,325.721,2.42,8.8,41.3,19.275,NA,54.7,0.452,NA,NA,NA,NA,1.651236,0.001298,NA
155,Singapore,Singapore,58.7,-0.06,SGP,Asia,6.1,Asia,SGP,2017,NA,Asia,SGP,2017,NA,Asia,SGP,282401,805,521.571,834,2,1.143,51782.492,147.609,95.638,152.927,0.367,0.21,NA,NA,NA,NA,NA,NA,NA,NA,NA,NA,NA,NA,NA,NA,NA,NA,NA,,11863604,4781941,4721345,2360318,39111,37984,1/5/2022,217.54,87.68,86.57,43.28,6965,4727,0.087,44.44,5453600,7915.731,42.4,12.922,7.049,85535.383,NA,92.243,10.99,5.2,28.3,NA,2.4,83.62,0.938,NA,NA,NA,NA,NA,NA,NA
156,Slovakia,Slovakia,47.9,0.88,SVK,Europe,20.5,Europe,SVK,2017,NA,Europe,SVK,2017,NA,Europe,SVK,1385760,4585,3183.143,16824,36,38.571,253768.455,839.632,582.916,3080.909,6.593,7.063,NA,NA,NA,NA,NA,NA,NA,NA,NA,41633,46603963,8534.39,7.624,35845,6.564,0.088,11.4,tests performed,6251528,2728875,2589463,1075402,30125,17244,1/5/2022,114.48,49.97,47.42,19.69,3158,1267,0.023,NA,5460726,113.128,41.2,15.07,9.167,30155.152,0.7,287.959,7.29,23.1,37.7,NA,5.82,77.54,0.86,NA,NA,NA,NA,NA,NA,8.53439
157,Slovenia,Slovenia,67.2,0.99,SVN,Europe,20.2,Europe,SVN,2017,NA,Europe,SVN,2017,NA,Europe,SVN,475027,4067,2084.571,5629,6,7.571,228518.663,1956.49,1002.813,2707.913,2.886,3.642,NA,NA,NA,NA,NA,NA,NA,NA,NA,10097,2113925,1016.934,4.857,5983,2.878,0.4,2.5,tests performed,2785038,1252081,1192908,486085,10562,4329,1/5/2022,133.98,60.23,57.39,23.38,2083,347,0.017,NA,2078723,102.619,44.5,19.062,12.93,31400.84,NA,153.493,7.25,20.1,25,NA,4.5,81.32,0.917,NA,NA,NA,NA,NA,NA,1.016934
158,Somalia,Somalia,16.6,-1.83,SOM,Africa,8.3,Eastern Mediterranean,SOM,2017,20,Eastern Mediterranean,SOM,2017,35138,Africa,SOM,24261,729,104.143,1335,2,0.286,1482.992,44.561,6.366,81.604,0.122,0.017,NA,NA,NA,NA,NA,NA,NA,NA,NA,NA,NA,NA,NA,NA,NA,NA,NA,,NA,NA,NA,NA,NA,NA,1/5/2022,9.2,NA,NA,NA,NA,NA,NA,37.96,16359500,23.5,16.8,2.731,1.496,NA,NA,365.769,6.05,NA,NA,9.831,0.9,57.4,NA,NA,NA,NA,NA,0.035138,2.00E-05,NA
159,South Africa,South Africa,54.8,0.66,ZAF,Africa,28.3,Africa,ZAF,2017,301,Africa,ZAF,2017,22061,Africa,ZAF,3494696,11106,8734.571,91561,110,89.429,58204.194,184.971,145.474,1524.949,1.832,1.489,NA,NA,NA,NA,NA,NA,NA,NA,NA,NA,21394263,356.322,NA,36078,0.601,0.2421,4.1,people tested,NA,NA,NA,NA,NA,42525,1/5/2022,46.89,NA,NA,NA,708,27183,0.045,NA,60041996,46.754,27.3,5.344,3.053,12294.876,18.9,200.38,5.52,8.1,33.2,43.993,2.32,64.13,0.709,NA,NA,NA,NA,0.022061,0.000301,0.356322
160,South Korea,South Korea,70.2,-2.2,KOR,Asia,4.7,Western Pacific,KOR,2017,3,Western Pacific,KOR,2017,436,Asia,KOR,653792,4123,3975,5887,49,61.714,12743.196,80.362,77.478,114.745,0.955,1.203,NA,953,18.575,NA,NA,NA,NA,3341,65.12,236854,46463337,905.627,4.617,220520,4.298,0.018,55.5,people tested,105253725,44302761,42769457,19692283,430882,435019,1/5/2022,205.15,86.35,83.36,38.38,8479,28078,0.055,45.37,51305184,527.967,43.4,13.914,8.622,35938.374,0.2,85.998,6.8,6.2,40.9,NA,12.27,83.03,0.916,NA,NA,NA,NA,0.000436,3.00E-06,0.905627
161,South Sudan,South Sudan,21.7,-1.98, , ,8.6,Africa,SSD,2017,3483,Africa,SSD,2017,1488005,Africa,SSD,15849,104,99.571,136,0,0.143,1392.538,9.138,8.749,11.949,0,0.013,NA,NA,NA,NA,NA,NA,NA,NA,NA,NA,NA,NA,NA,NA,NA,NA,NA,,NA,NA,NA,NA,NA,810,1/5/2022,2.36,NA,NA,NA,71,710,0.006,NA,11381377,NA,19.2,3.441,2.032,1569.888,NA,280.775,10.43,NA,NA,NA,NA,57.85,0.433,NA,NA,NA,NA,1.488005,0.003483,NA
162,Spain,Spain,65.9,1.06,ESP,Europe,23.8,Europe,ESP,2017,NA,Europe,ESP,2017,NA,Europe,ESP,6922466,137180,112772.714,89837,148,72.286,148089.309,2934.632,2412.498,1921.844,3.166,1.546,NA,1996,42.7,11359,242.998,1131,24.195,11827,253.01,NA,NA,NA,NA,306910,6.566,0.3674,2.7,tests performed,NA,NA,NA,NA,NA,194965,1/5/2022,181.39,NA,NA,NA,4171,40597,0.087,43.52,46745211,93.105,45.5,19.436,13.799,34272.36,1,99.403,7.17,27.4,31.4,NA,2.97,83.56,0.904,NA,NA,NA,NA,NA,NA,NA
163,Sri Lanka,Sri Lanka,33.9,0.01,LKA,Asia,5.2,South-East Asia,LKA,2017,0,South-East Asia,LKA,2017,0,Asia,LKA,589479,550,470.857,15065,10,17.286,27421.064,25.585,21.903,700.785,0.465,0.804,NA,NA,NA,NA,NA,NA,NA,NA,NA,7852,5916883,275.238,0.365,6901,0.321,0.0682,14.7,tests performed,33995380,15995725,13850844,4148811,37075,68435,1/5/2022,158.14,74.41,64.43,19.3,3183,1116,0.005,49.07,21497306,341.955,34.1,10.069,5.331,11669.077,0.7,197.093,10.68,0.3,27,NA,3.6,76.98,0.782,NA,NA,NA,NA,0,0,0.275238
164,Sudan,Sudan,26.2,-1.84,SDN,Africa,8.6,Eastern Mediterranean,SDN,2017,1446,Eastern Mediterranean,SDN,2017,720879,Africa,SDN,47272,0,107.714,3340,0,1.286,1052.609,0,2.398,74.372,0,0.029,NA,NA,NA,NA,NA,NA,NA,NA,NA,NA,NA,NA,NA,NA,NA,NA,NA,,NA,NA,NA,NA,NA,NA,1/5/2022,11.69,NA,NA,NA,NA,NA,NA,NA,44909351,23.258,19.7,3.548,2.034,4466.507,NA,431.388,15.67,NA,NA,23.437,0.8,65.31,0.51,NA,NA,NA,NA,0.720879,0.001446,NA
165,Suriname,Suriname,36.5,0.32,SUR,South America,26.4,Americas,SUR,2017,1,Americas,SUR,2017,40,South America,SUR,55376,916,477.857,1193,1,0.571,93572.469,1547.825,807.467,2015.891,1.69,0.966,NA,NA,NA,NA,NA,NA,NA,NA,NA,NA,NA,NA,NA,NA,NA,NA,NA,,490973,261961,229012,NA,NA,236,1/5/2022,82.96,44.27,38.7,NA,399,80,0.014,NA,591798,3.612,29.6,6.933,4.229,13767.119,NA,258.314,12.54,7.4,42.9,67.779,3.1,71.68,0.738,NA,NA,NA,NA,4.00E-05,1.00E-06,NA
166,Sweden,Sweden,72.1,1.61,SWE,Europe,20.6,Europe,SWE,2017,NA,Europe,SWE,2017,NA,Europe,SWE,1375267,17514,10229.143,15369,39,10.286,135358.807,1723.792,1006.79,1512.673,3.839,1.012,NA,109,10.728,935,92.026,NA,NA,NA,NA,NA,NA,NA,NA,NA,NA,NA,NA,,17743797,7761586,7412643,2569418,53844,23596,1/5/2022,174.64,76.39,72.96,25.29,2322,1957,0.019,49.07,10160159,24.718,41,19.985,13.433,46949.283,0.5,133.982,4.79,18.8,18.9,NA,2.22,82.8,0.945,NA,NA,NA,NA,NA,NA,NA
167,Switzerland,Switzerland,67,1.62,CHE,Europe,15.6,Europe,CHE,2017,NA,Europe,CHE,2017,NA,Europe,CHE,1422932,31118,18334.286,12303,74,18.714,163264.641,3570.423,2103.643,1411.624,8.491,2.147,NA,298,34.192,1785,204.808,NA,NA,649,74.465,97591,14708661,1687.645,11.197,69057,7.923,0.348,2.9,tests performed,14094385,5986113,5844116,2391606,84905,47654,1/5/2022,161.72,68.68,67.05,27.44,5468,2020,0.023,44.44,8715494,214.243,43.1,18.436,12.644,57410.166,NA,99.739,5.59,22.6,28.9,NA,4.53,83.78,0.955,NA,NA,NA,NA,NA,NA,1.687645
168,Syria,Syria,19.9,-1.96,SYR,Asia,NA,Eastern Mediterranean,SYR,2017,NA,Eastern Mediterranean,SYR,2017,0,Asia,SYR,50417,27,30.429,2915,3,3.714,2758.69,1.477,1.665,159.501,0.164,0.203,NA,NA,NA,NA,NA,NA,NA,NA,NA,NA,NA,NA,NA,NA,NA,NA,NA,,NA,NA,NA,NA,NA,NA,1/5/2022,16.01,NA,NA,NA,NA,NA,NA,NA,18275704,NA,21.7,NA,2.577,NA,NA,376.264,NA,NA,NA,70.598,1.5,72.7,0.567,NA,NA,NA,NA,0,NA,NA
169,Taiwan,Taiwan,NA,0.98,TWN,Asia,NA,Asia,TWN,2017,NA,Asia,TWN,2017,NA,Asia,TWN,17155,26,27.286,850,0,0,719.136,1.09,1.144,35.632,0,0,NA,NA,NA,NA,NA,NA,NA,NA,NA,19960,5045877,211.523,0.837,15189,0.637,0.0018,556.7,people tested,35055472,18741943,16313529,194422,62131,56618,1/5/2022,146.95,78.57,68.39,0.82,2373,6606,0.028,NA,23855008,NA,42.2,NA,8.353,NA,NA,103.957,NA,NA,NA,NA,NA,80.46,NA,NA,NA,NA,NA,NA,NA,0.211523
170,Tajikistan,Tajikistan,32.3,-1.69, , ,14.2,Europe,TJK,2017,NA,Europe,TJK,2017,0,Asia,TJK,17493,0,0,125,0,0,1794.223,0,0,12.821,0,0,NA,NA,NA,NA,NA,NA,NA,NA,NA,NA,NA,NA,NA,NA,NA,NA,NA,,NA,NA,NA,NA,NA,NA,1/5/2022,67.75,NA,NA,NA,NA,NA,NA,NA,9749625,64.281,23.3,3.466,2.155,2896.913,4.8,427.698,7.11,NA,NA,72.704,4.8,71.1,0.668,NA,NA,NA,NA,0,NA,NA
171,Tanzania,Tanzania,36.4,-0.36,TZA,Africa,8.4,Africa,TZA,2017,3685,Africa,TZA,2017,5354486,Africa,TZA,30564,1258,179.714,740,3,0.429,496.988,20.456,2.922,12.033,0.049,0.007,NA,NA,NA,NA,NA,NA,NA,NA,NA,NA,NA,NA,NA,NA,NA,NA,NA,,NA,NA,NA,NA,NA,NA,1/5/2022,3.95,NA,NA,NA,NA,NA,NA,8.33,61498438,64.699,17.7,3.108,1.874,2683.304,49.1,217.288,5.75,3.3,26.7,47.953,0.7,65.46,0.529,NA,NA,NA,NA,5.354486,0.003685,NA
172,Thailand,Thailand,73.2,-1.01,THA,Asia,10,South-East Asia,THA,2017,11,South-East Asia,THA,2017,11440,Asia,THA,2239475,3899,3169.714,21750,0,14.714,32014.982,55.739,45.313,310.933,0,0.21,NA,NA,NA,NA,NA,NA,NA,NA,NA,NA,NA,NA,NA,NA,NA,NA,NA,,NA,NA,NA,NA,NA,NA,1/5/2022,146.79,NA,NA,NA,NA,NA,NA,NA,69950844,135.132,40.1,11.373,6.89,16277.671,0.1,109.861,7.04,1.9,38.8,90.67,2.1,77.15,0.777,NA,NA,NA,NA,0.01144,1.10E-05,NA
173,Timor,Timor,26,0.34, , ,3.8,South-East Asia,TLS,2017,0,South-East Asia,TLS,2017,16,Asia,TLS,19842,0,1.286,122,0,0,14764.766,0,0.957,90.782,0,0,NA,NA,NA,NA,NA,NA,NA,NA,NA,NA,NA,NA,NA,NA,NA,NA,NA,,NA,NA,NA,NA,NA,NA,1/5/2022,90.04,NA,NA,NA,NA,NA,NA,43.52,1343875,87.176,18,3.556,1.897,6570.102,30.3,335.346,6.86,6.3,78.1,28.178,5.9,69.5,0.606,NA,NA,NA,NA,1.60E-05,0,NA
174,Togo,Togo,32.5,-0.74,TGO,Africa,8.4,Africa,TGO,2017,995,Africa,TGO,2017,1209034,Africa,TGO,32515,824,512.857,251,0,0.714,3835.111,97.19,60.491,29.605,0,0.084,NA,NA,NA,NA,NA,NA,NA,NA,NA,1921,624143,73.617,0.227,1642,0.194,0.3123,3.2,tests performed,NA,NA,NA,NA,NA,4852,1/5/2022,28.47,NA,NA,NA,572,1289,0.015,NA,8478242,143.366,19.4,2.839,1.525,1429.813,49.2,280.033,6.15,0.9,14.2,10.475,0.7,61.04,0.515,NA,NA,NA,NA,1.209034,0.000995,0.073617
175,Trinidad and Tobago,Trinidad and Tobago,36.6,0.57,TTO,North America,18.6,North America,TTO,2017,NA,North America,TTO,2017,NA,North America,TTO,94213,579,483.429,2973,22,21.143,67133.209,412.577,344.476,2118.466,15.677,15.066,NA,NA,NA,NA,NA,NA,NA,NA,NA,NA,NA,NA,NA,NA,NA,NA,NA,,1419498,716073,671314,81633,4947,3206,1/5/2022,101.15,51.03,47.84,5.82,2284,990,0.071,47.22,1403374,266.886,36.2,10.014,5.819,28763.071,NA,228.467,10.97,NA,NA,89.443,3,73.51,0.796,NA,NA,NA,NA,NA,NA,NA
176,Tunisia,Tunisia,33.7,0.21,TUN,Africa,26.9,Africa,TUN,2017,NA,Africa,TUN,2017,NA,Africa,TUN,733379,2302,1326.714,25617,11,9.857,61443.825,192.866,111.155,2146.239,0.922,0.826,NA,NA,NA,NA,NA,NA,NA,NA,NA,NA,NA,NA,NA,NA,NA,NA,NA,,12331779,6970321,6016132,900153,30137,41728,1/5/2022,103.32,58.4,50.4,7.54,3496,20243,0.17,NA,11935764,74.228,32.7,8.001,5.075,10849.297,2,318.991,8.52,1.1,65.8,78.687,2.3,76.7,0.74,NA,NA,NA,NA,NA,NA,NA
177,Turkey,Turkey,52.4,-0.83,TUR,Asia,32.1,Europe,TUR,2017,NA,Europe,TUR,2017,0,Asia,TUR,9720831,66467,50494.571,83075,143,165.429,114305.248,781.572,593.755,976.862,1.682,1.945,NA,NA,NA,NA,NA,NA,NA,NA,NA,417787,120886313,1421.477,4.913,377659,4.441,0.1337,7.5,tests performed,134195065,57009739,51756893,25428433,NA,517601,1/5/2022,157.8,67.04,60.86,29.9,6086,20302,0.024,49.07,85042736,104.914,31.6,8.153,5.061,25129.341,0.2,171.285,12.13,14.1,41.1,NA,2.81,77.69,0.82,NA,NA,NA,NA,0,NA,1.421477
178,Turks and Caicos Islands,Turks and Caicos Islands,20.4,NA,TCA,North America,NA,North America,TCA,2017,NA,North America,TCA,2017,NA,North America,TCA,3562,0,39.857,26,0,0,90807.118,0,1016.09,662.826,0,0,NA,NA,NA,NA,NA,NA,NA,NA,NA,NA,NA,NA,NA,NA,NA,NA,NA,,NA,NA,NA,NA,NA,NA,1/5/2022,143.64,NA,NA,NA,NA,NA,NA,NA,39226,37.312,NA,NA,NA,NA,NA,NA,NA,NA,NA,NA,NA,80.22,NA,NA,NA,NA,NA,NA,NA,NA
179,Uganda,Uganda,44.3,-0.67, , ,5.3,Africa,UGA,2017,5111,Africa,UGA,2017,11667831,Africa,UGA,148609,1766,1610.286,3313,1,3.714,3153.605,37.476,34.172,70.305,0.021,0.079,NA,NA,NA,NA,NA,NA,NA,NA,NA,NA,NA,NA,NA,NA,NA,NA,NA,,NA,NA,NA,NA,NA,136612,1/5/2022,20.72,NA,NA,NA,2899,97889,0.208,78.7,47123533,213.759,16.4,2.168,1.308,1697.707,41.6,213.333,2.5,3.4,16.7,21.222,0.5,63.37,0.544,NA,NA,NA,NA,11.667831,0.005111,NA
180,Ukraine,Ukraine,38,-0.01,UKR,Europe,24.1,Europe,UKR,2017,NA,Europe,UKR,2017,NA,Europe,UKR,3862959,4711,4143.857,103014,297,209.429,88871.439,108.382,95.334,2369.946,6.833,4.818,NA,NA,NA,NA,NA,NA,NA,NA,NA,30291,16865938,388.019,0.697,20172,0.464,0.2054,4.9,tests performed,28683086,14778319,13925447,NA,99066,55195,1/5/2022,65.99,34,32.04,NA,1270,15307,0.035,NA,43466822,77.39,41.4,16.462,11.133,7894.393,0.1,539.849,7.11,13.5,47.4,NA,8.8,72.06,0.779,NA,NA,NA,NA,NA,NA,0.388019
181,United Arab Emirates,United Arab Emirates,46.7,-1.11,ARE,Asia,31.7,Eastern Mediterranean,ARE,2017,NA,Eastern Mediterranean,ARE,2017,NA,Asia,ARE,774897,2708,2536,2170,0,1.429,77558.859,271.042,253.826,217.194,0,0.143,NA,NA,NA,NA,NA,NA,NA,NA,NA,469028,113798477,11390.004,46.945,427519,42.79,0.0059,168.6,tests performed,22725714,NA,9128660,3706849,29880,26274,1/5/2022,227.46,NA,91.37,37.1,2630,186,0.002,NA,9991083,112.442,34,1.144,0.526,67293.483,NA,317.84,17.26,1.2,37.4,NA,1.2,77.97,0.89,NA,NA,NA,NA,NA,NA,11.390004
182,United Kingdom,United Kingdom,77.9,1.38,GBR,Europe,27.8,Europe,GBR,2017,NA,Europe,GBR,2017,NA,Europe,GBR,13866159,194615,182890.714,149399,344,171,203294.909,2853.295,2681.402,2190.373,5.043,2.507,NA,875,12.829,18064,264.84,NA,NA,15716,230.416,NA,NA,NA,NA,NA,NA,NA,NA,,134274176,51874548,47565340,34834288,318172,234415,1/5/2022,196.86,76.05,69.74,51.07,3437,19505,0.029,NA,68207114,272.898,40.8,18.517,12.527,39753.244,0.2,122.137,4.28,20,24.7,NA,2.54,81.32,0.932,NA,NA,NA,NA,NA,NA,NA
183,United States,United States,83.5,1.04,USA,North America,36.2,North America,USA,2017,NA,North America,USA,2017,NA,North America,USA,57700993,623390,574524.714,832120,1986,1191,173320.458,1872.52,1725.74,2499.496,5.965,3.577,NA,21530,64.671,121364,364.549,NA,NA,122994,369.446,2091436,731505528,2197.274,6.282,1818448,5.462,0.3159,3.2,tests performed,517409232,246294571,205767789,74104268,1256492,884971,1/5/2022,155.84,74.18,61.98,22.32,2666,253629,0.076,NA,332915074,35.608,38.3,15.413,9.732,54225.446,1.2,151.089,10.79,19.1,24.6,NA,2.77,78.86,0.926,NA,NA,NA,NA,NA,NA,2.197274
184,Uruguay,Uruguay,41.3,1.21,URY,South America,27.9,South America,URY,2017,NA,South America,URY,2017,NA,South America,URY,425436,5328,2160.714,6181,1,1.857,122071.003,1528.771,619.977,1773.524,0.287,0.533,NA,NA,NA,NA,NA,NA,NA,NA,NA,23550,4484618,1286.778,6.757,15587,4.472,0.1386,7.2,people tested,6993887,2770976,2677048,1545863,9969,4554,1/5/2022,200.68,79.51,76.81,44.36,1307,357,0.01,NA,3485152,19.751,35.6,14.655,10.361,20551.409,0.1,160.708,6.93,14,19.9,NA,2.8,77.91,0.817,NA,NA,NA,NA,NA,NA,1.286778
185,Uzbekistan,Uzbekistan,34.3,-1.62,UZB,Asia,16.6,Europe,UZB,2017,NA,Europe,UZB,2017,0,Asia,UZB,199361,90,105,1485,0,0,5874.658,2.652,3.094,43.759,0,0,NA,NA,NA,NA,NA,NA,NA,NA,NA,NA,NA,NA,NA,NA,NA,NA,NA,,NA,NA,NA,NA,NA,63577,1/5/2022,115.03,NA,NA,NA,1873,9130,0.027,44.44,33935765,76.134,28.2,4.469,2.873,6253.104,NA,724.417,7.57,1.3,24.7,NA,4,71.72,0.72,NA,NA,NA,NA,0,NA,NA
186,Vatican,Vatican,NA,0.54, , ,NA,Europe,VAT,2017,NA,Europe,VAT,2017,NA,Europe,VAT,27,0,0,NA,NA,NA,33251.232,0,0,NA,NA,NA,NA,NA,NA,NA,NA,NA,NA,NA,NA,NA,NA,NA,NA,NA,NA,NA,NA,,NA,NA,NA,NA,NA,NA,1/5/2022,NA,NA,NA,NA,NA,NA,NA,NA,812,NA,NA,NA,NA,NA,NA,NA,NA,NA,NA,NA,NA,75.12,NA,NA,NA,NA,NA,NA,NA,NA
187,Venezuela,Venezuela,23,-1.41,VEN,South America,25.6,Americas,VEN,2017,NA,Americas,VEN,2017,411586,South America,VEN,445680,311,242.429,5341,4,3.143,15526.244,10.834,8.446,186.065,0.139,0.109,NA,NA,NA,NA,NA,NA,NA,NA,NA,NA,NA,NA,NA,NA,NA,NA,NA,,NA,NA,NA,NA,NA,NA,1/5/2022,104.68,NA,NA,NA,NA,NA,NA,NA,28704947,36.253,29,6.614,3.915,16745.022,NA,204.85,6.47,NA,NA,NA,0.8,72.06,0.711,NA,NA,NA,NA,0.411586,NA,NA
188,Vietnam,Vietnam,49.1,-1.45, , ,2.1,Western Pacific,VNM,2017,6,Western Pacific,VNM,2017,4548,Asia,VNM,1817721,17017,17549.571,33475,230,228.286,18516.275,173.344,178.769,340.994,2.343,2.325,NA,NA,NA,NA,NA,NA,NA,NA,NA,68551,36349787,370.278,0.698,85256,0.868,0.2058,4.9,samples tested,156902083,78110585,NA,NA,NA,1047814,1/5/2022,159.83,79.57,NA,NA,10674,93402,0.095,NA,98168829,308.127,32.6,7.15,4.718,6171.884,2,245.465,6,1,45.9,85.847,2.6,75.4,0.704,NA,NA,NA,NA,0.004548,6.00E-06,0.370278
189,Yemen,Yemen,18.5,-1.75, , ,17.1,Eastern Mediterranean,YEM,2017,37,Eastern Mediterranean,YEM,2017,114004,Asia,YEM,10146,3,3,1985,1,0.143,332.758,0.098,0.098,65.102,0.033,0.005,NA,NA,NA,NA,NA,NA,NA,NA,NA,NA,NA,NA,NA,NA,NA,NA,NA,,NA,NA,NA,NA,NA,NA,1/5/2022,2.58,NA,NA,NA,NA,NA,NA,NA,30490639,53.508,20.3,2.922,1.583,1479.147,18.8,495.003,5.35,7.6,29.2,49.542,0.7,66.12,0.47,NA,NA,NA,NA,0.114004,3.70E-05,NA
190,Zambia,Zambia,28.7,-0.32,ZMB,Africa,NA,Africa,ZMB,2017,1425,Africa,ZMB,2017,5505639,Africa,ZMB,269991,4512,3764.714,3772,10,6.571,14269.642,238.47,198.974,199.359,0.529,0.347,NA,NA,NA,NA,NA,NA,NA,NA,NA,14184,3010210,159.096,0.75,11929,0.63,0.3156,3.2,tests performed,1816154,NA,1276069,NA,NA,20965,1/5/2022,9.6,NA,6.74,NA,1108,NA,NA,NA,18920657,22.995,17.7,2.48,1.542,3689.251,57.5,234.499,3.94,3.1,24.7,13.938,2,63.89,0.584,NA,NA,NA,NA,5.505639,0.001425,0.159096
191,Zimbabwe,Zimbabwe,38.2,-1.13,ZWE,Africa,15.5,Africa,ZWE,2017,527,Africa,ZWE,2017,315624,Africa,ZWE,219057,1379,1644.143,5092,14,21.714,14514.612,91.372,108.94,337.393,0.928,1.439,NA,NA,NA,NA,NA,NA,NA,NA,NA,6885,1734918,114.955,0.456,5848,0.387,0.2811,3.6,tests performed,7310056,4148268,3161788,NA,15571,10823,1/5/2022,48.44,27.49,20.95,NA,717,5107,0.034,52.78,15092171,42.729,19.6,2.822,1.882,1899.775,21.4,307.846,1.82,1.6,30.7,36.791,1.7,61.49,0.571,NA,NA,NA,NA,0.315624,0.000527,0.114955
