Death_ParentLocation,Death_SpatialDimValueCode,Location,Period,Death_Value
Eastern Mediterranean,AFG,Afghanistan,2017,10
Europe,ALB,Albania,2017,
Africa,DZA,Algeria,2017,0
Africa,AGO,Angola,2016,15997
Africa,AGO,Angola,2015,7832
Africa,AGO,Angola,2014,5714
Africa,AGO,Angola,2013,7300
Africa,AGO,Angola,2012,5736
Africa,AGO,Angola,2011,6909
Africa,AGO,Angola,2010,8114
Africa,AGO,Angola,2009,10530
Africa,AGO,Angola,2008,9465
Africa,AGO,Angola,2007,9812
Africa,AGO,Angola,2006,10220
Africa,AGO,Angola,2005,13768
Africa,AGO,Angola,2004,12459
Africa,AGO,Angola,2003,38598
Africa,AGO,Angola,2002,14434
Africa,AGO,Angola,2001,9473
Africa,AGO,Angola,2000,9510
Europe,AND,Andorra,2017,
Africa,AGO,Angola,2017,13967
North America,AIA,Anguilla,2017,
North America,ATG,Antigua and Barbuda,2017,
Americas,ARG,Argentina,2017,1
Europe,ARM,Armenia,2017,
North America,ABW,Aruba,2017,
Oceania,AUS,Australia,2017,
Europe,AUT,Austria,2017,
Europe,AZE,Azerbaijan,2017,
North America,BHS,Bahamas,2017,
Asia,BHR,Bahrain,2017,
South-East Asia,BGD,Bangladesh,2017,13
North America,BRB,Barbados,2017,
Europe,BLR,Belarus,2017,
Europe,BEL,Belgium,2017,
Americas,BLZ,Belize,2017,0
Africa,BEN,Benin,2017,2182
North America,BMU,Bermuda,2017,
South-East Asia,BTN,Bhutan,2017,1
Americas,BOL,Bolivia,2017,0
Africa,BDI,Burundi,2016,5853
Africa,BDI,Burundi,2015,3799
Africa,BDI,Burundi,2014,2974
Africa,BDI,Burundi,2013,3411
Africa,BDI,Burundi,2012,2263
Africa,BDI,Burundi,2011,2233
Africa,BDI,Burundi,2010,2677
Africa,BDI,Burundi,2009,1183
Africa,BDI,Burundi,2008,595
Africa,BDI,Burundi,2007,167
Africa,BDI,Burundi,2006,434
Africa,BDI,Burundi,2005,776
Africa,BDI,Burundi,2004,689
Africa,BDI,Burundi,2003,425
Africa,BDI,Burundi,2002,483
Africa,BDI,Burundi,2001,417
Africa,BDI,Burundi,2000,691
Africa,BEN,Benin,2016,1646
Africa,BEN,Benin,2015,1416
Africa,BEN,Benin,2014,1869
Africa,BEN,Benin,2013,2288
Africa,BEN,Benin,2012,2261
Africa,BEN,Benin,2011,1753
Africa,BEN,Benin,2010,964
Africa,BEN,Benin,2009,1375
Africa,BEN,Benin,2008,918
Africa,BEN,Benin,2007,1290
Africa,BEN,Benin,2006,1226
Africa,BEN,Benin,2005,322
Africa,BEN,Benin,2004,944
Africa,BEN,Benin,2003,560
Africa,BEN,Benin,2002,707
Africa,BEN,Benin,2001,468
North America,BES,Bonaire Sint Eustatius and Saba,2017,
Africa,BFA,Burkina Faso,2016,3974
Africa,BFA,Burkina Faso,2015,5379
Africa,BFA,Burkina Faso,2014,5632
Africa,BFA,Burkina Faso,2013,6294
Africa,BFA,Burkina Faso,2012,7963
Africa,BFA,Burkina Faso,2011,7001
Africa,BFA,Burkina Faso,2010,9024
Africa,BFA,Burkina Faso,2009,7982
Africa,BFA,Burkina Faso,2008,7834
Africa,BFA,Burkina Faso,2007,6472
Africa,BFA,Burkina Faso,2006,8083
Africa,BFA,Burkina Faso,2005,5224
Africa,BFA,Burkina Faso,2004,4205
Africa,BFA,Burkina Faso,2003,4860
Africa,BFA,Burkina Faso,2002,4032
Africa,BFA,Burkina Faso,2001,4233
Europe,BIH,Bosnia and Herzegovina,,0
Africa,BWA,Botswana,2016,3
Africa,BWA,Botswana,2015,5
Africa,BWA,Botswana,2014,22
Africa,BWA,Botswana,2013,7
Africa,BWA,Botswana,2012,3
Africa,BWA,Botswana,2011,8
Africa,BWA,Botswana,2010,8
Africa,BWA,Botswana,2009,6
Africa,BWA,Botswana,2008,12
Africa,BWA,Botswana,2007,6
Africa,BWA,Botswana,2006,40
Africa,BWA,Botswana,2005,11
Africa,BWA,Botswana,2004,19
Africa,BWA,Botswana,2003,18
Africa,BWA,Botswana,2002,23
Africa,BWA,Botswana,2001,29
Africa,BWA,Botswana,2017,17
Americas,BRA,Brazil,2017,30
North America,VGB,British Virgin Islands,2017,
Asia,BRN,Brunei,2017,
Africa,CAF,Central African Republic,2016,2668
Africa,CAF,Central African Republic,2015,1763
Africa,CAF,Central African Republic,2014,635
Africa,CAF,Central African Republic,2013,1026
Africa,CAF,Central African Republic,2012,1442
Africa,CAF,Central African Republic,2011,858
Africa,CAF,Central African Republic,2010,526
Africa,CAF,Central African Republic,2009,667
Africa,CAF,Central African Republic,2008,456
Africa,CAF,Central African Republic,2007,578
Africa,CAF,Central African Republic,2006,865
Africa,CAF,Central African Republic,2005,668
Africa,CAF,Central African Republic,2004,859
Africa,CAF,Central African Republic,2003,417
Africa,CAF,Central African Republic,2001,535
Africa,CAF,Central African Republic,2000,439
Europe,BGR,Bulgaria,2017,
Africa,CIV,Côte d’Ivoire,2016,3340
Africa,CIV,Côte d’Ivoire,2015,2604
Africa,CIV,Côte d’Ivoire,2014,4069
Africa,CIV,Côte d’Ivoire,2013,3261
Africa,CIV,Côte d’Ivoire,2012,1534
Africa,CIV,Côte d’Ivoire,2011,1389
Africa,CIV,Côte d’Ivoire,2010,1023
Africa,CIV,Côte d’Ivoire,2009,18156
Africa,CIV,Côte d’Ivoire,2008,1249
Africa,CIV,Côte d’Ivoire,2007,797
Africa,BFA,Burkina Faso,2017,4144
Africa,CMR,Cameroon,2016,2639
Africa,CMR,Cameroon,2015,3440
Africa,CMR,Cameroon,2014,4398
Africa,CMR,Cameroon,2013,4349
Africa,CMR,Cameroon,2012,3209
Africa,CMR,Cameroon,2011,3808
Africa,CMR,Cameroon,2010,4536
Africa,CMR,Cameroon,2009,4943
Africa,CMR,Cameroon,2008,7673
Africa,CMR,Cameroon,2007,1811
Africa,CMR,Cameroon,2006,930
Africa,CMR,Cameroon,2005,836
Africa,BDI,Burundi,2017,4414
Africa,COD,Democratic Republic of the Congo,2016,33997
Africa,COD,Democratic Republic of the Congo,2015,39054
Africa,COD,Democratic Republic of the Congo,2014,25502
Africa,COD,Democratic Republic of the Congo,2013,30918
Africa,COD,Democratic Republic of the Congo,2012,21601
Africa,COD,Democratic Republic of the Congo,2011,23748
Africa,COD,Democratic Republic of the Congo,2010,23476
Africa,COD,Democratic Republic of the Congo,2009,21168
Africa,COD,Democratic Republic of the Congo,2008,17940
Africa,COD,Democratic Republic of the Congo,2007,14372
Africa,COD,Democratic Republic of the Congo,2006,12970
Africa,COD,Democratic Republic of the Congo,2005,15322
Africa,COD,Democratic Republic of the Congo,2004,13613
Africa,COD,Democratic Republic of the Congo,2003,989
Africa,COD,Democratic Republic of the Congo,2002,2152
Africa,COD,Democratic Republic of the Congo,2001,416
Africa,COD,Democratic Republic of the Congo,2000,3856
Africa,CPV,Cabo Verde,2017,2
Africa,COG,Congo,2016,733
Africa,COG,Congo,2015,435
Africa,COG,Congo,2014,271
Africa,COG,Congo,2013,2870
Africa,COG,Congo,2012,623
Africa,COG,Congo,2011,892
Africa,COG,Congo,2009,116
Africa,COG,Congo,2008,143
Africa,COG,Congo,2007,113
Africa,COM,Comoros,2016,0
Africa,COM,Comoros,2015,1
Africa,COM,Comoros,2014,0
Africa,COM,Comoros,2013,15
Africa,COM,Comoros,2012,17
Africa,COM,Comoros,2011,19
Africa,COM,Comoros,2010,53
Africa,COM,Comoros,2008,47
Africa,COM,Comoros,2007,20
Africa,COM,Comoros,2006,56
Africa,COM,Comoros,2005,92
Africa,COM,Comoros,2004,28
Western Pacific,KHM,Cambodia,2017,1
Africa,CPV,Cabo Verde,2016,1
Africa,CPV,Cabo Verde,2015,0
Africa,CPV,Cabo Verde,2014,1
Africa,CPV,Cabo Verde,2013,0
Africa,CPV,Cabo Verde,2012,0
Africa,CPV,Cabo Verde,2011,1
Africa,CPV,Cabo Verde,2010,1
Africa,CPV,Cabo Verde,2009,2
Africa,CPV,Cabo Verde,2008,2
Africa,CPV,Cabo Verde,2007,2
Africa,CPV,Cabo Verde,2006,8
Africa,CPV,Cabo Verde,2005,2
Africa,CPV,Cabo Verde,2004,4
Africa,CPV,Cabo Verde,2003,4
Africa,CPV,Cabo Verde,2002,2
Africa,CPV,Cabo Verde,2001,0
Africa,CMR,Cameroon,2017,3195
Africa,DZA,Algeria,2016,0
Africa,DZA,Algeria,2015,0
Africa,DZA,Algeria,2014,0
Africa,DZA,Algeria,2013,0
Africa,DZA,Algeria,2012,0
Africa,DZA,Algeria,2011,0
Africa,DZA,Algeria,2010,1
Africa,DZA,Algeria,2009,0
Africa,DZA,Algeria,2008,0
Africa,DZA,Algeria,2001,1
Africa,DZA,Algeria,2000,2
North America,CAN,Canada,2017,
Africa,ERI,Eritrea,2016,21
Africa,ERI,Eritrea,2015,12
Africa,ERI,Eritrea,2014,15
Africa,ERI,Eritrea,2013,6
Africa,ERI,Eritrea,2012,30
Africa,ERI,Eritrea,2011,12
Africa,ERI,Eritrea,2010,27
Africa,ERI,Eritrea,2009,23
Africa,ERI,Eritrea,2008,19
Africa,ERI,Eritrea,2007,42
Africa,ERI,Eritrea,2006,47
Africa,ERI,Eritrea,2005,49
Africa,ERI,Eritrea,2004,24
Africa,ERI,Eritrea,2003,79
Africa,ERI,Eritrea,2002,86
Africa,ERI,Eritrea,2001,133
Africa,CPV,Cape Verde,2017,
Africa,ETH,Ethiopia,2016,510
Africa,ETH,Ethiopia,2015,662
Africa,ETH,Ethiopia,2014,213
Africa,ETH,Ethiopia,2013,358
Africa,ETH,Ethiopia,2012,1621
Africa,ETH,Ethiopia,2011,936
Africa,ETH,Ethiopia,2010,1581
Africa,ETH,Ethiopia,2009,1121
Africa,ETH,Ethiopia,2008,1169
Africa,ETH,Ethiopia,2007,991
Africa,ETH,Ethiopia,2006,1357
Africa,ETH,Ethiopia,2005,1086
Africa,ETH,Ethiopia,2004,3327
Africa,ETH,Ethiopia,2003,2138
Africa,ETH,Ethiopia,2002,1607
Africa,ETH,Ethiopia,2001,1681
North America,CYM,Cayman Islands,2017,
Africa,GAB,Gabon,2016,101
Africa,GAB,Gabon,2015,309
Africa,GAB,Gabon,2014,159
Africa,GAB,Gabon,2013,273
Africa,GAB,Gabon,2012,134
Africa,GAB,Gabon,2011,74
Africa,GAB,Gabon,2010,182
Africa,GAB,Gabon,2009,197
Africa,GAB,Gabon,2008,156
Africa,GAB,Gabon,2007,216
Africa,GAB,Gabon,2006,238
Africa,GAB,Gabon,2005,353
Africa,GAB,Gabon,2004,466
Africa,GAB,Gabon,2003,692
Africa,GAB,Gabon,2002,1141
Africa,GAB,Gabon,2001,1693
Africa,GAB,Gabon,2000,2016
Africa,CAF,Central African Republic,2017,3689
Africa,GHA,Ghana,2016,1264
Africa,GHA,Ghana,2015,2137
Africa,GHA,Ghana,2014,2200
Africa,GHA,Ghana,2013,2506
Africa,GHA,Ghana,2012,2855
Africa,GHA,Ghana,2011,3259
Africa,GHA,Ghana,2010,3859
Africa,GHA,Ghana,2009,3378
Africa,GHA,Ghana,2008,3889
Africa,GHA,Ghana,2007,4622
Africa,GHA,Ghana,2006,3125
Africa,GHA,Ghana,2005,2037
Africa,GHA,Ghana,2004,1575
Africa,GHA,Ghana,2003,2103
Africa,GHA,Ghana,2002,2376
Africa,GHA,Ghana,2001,1717
Africa,GHA,Ghana,2000,6108
Africa,TCD,Chad,2017,2088
Africa,GIN,Guinea,2016,867
Africa,GIN,Guinea,2015,846
Africa,GIN,Guinea,2014,1067
Africa,GIN,Guinea,2013,108
Africa,GIN,Guinea,2012,979
Africa,GIN,Guinea,2011,743
Africa,GIN,Guinea,2010,735
Africa,GIN,Guinea,2009,586
Africa,GIN,Guinea,2008,441
Africa,GIN,Guinea,2007,472
Africa,GIN,Guinea,2005,490
Africa,GIN,Guinea,2004,528
Africa,GIN,Guinea,2003,586
Africa,GIN,Guinea,2002,440
Africa,GIN,Guinea,2001,517
Africa,GIN,Guinea,2000,626
South America,CHL,Chile,2017,
Western Pacific,CHN,China,2017,7
Africa,GMB,Gambia,2016,79
Africa,GMB,Gambia,2015,167
Africa,GMB,Gambia,2014,170
Africa,GMB,Gambia,2013,262
Africa,GMB,Gambia,2012,289
Africa,GMB,Gambia,2011,440
Africa,GMB,Gambia,2010,151
Africa,GMB,Gambia,2009,240
Africa,GMB,Gambia,2008,403
Africa,GMB,Gambia,2007,424
Africa,GMB,Gambia,2006,150
Africa,GMB,Gambia,2005,426
Africa,GMB,Gambia,2004,153
Africa,GMB,Gambia,2003,192
Africa,GMB,Gambia,2002,259
Africa,GMB,Gambia,2001,275
Africa,GNB,Guinea-Bissau,2016,191
Africa,GNB,Guinea-Bissau,2015,477
Africa,GNB,Guinea-Bissau,2014,357
Africa,GNB,Guinea-Bissau,2013,418
Africa,GNB,Guinea-Bissau,2012,370
Africa,GNB,Guinea-Bissau,2011,472
Africa,GNB,Guinea-Bissau,2010,296
Africa,GNB,Guinea-Bissau,2009,369
Africa,GNB,Guinea-Bissau,2008,487
Africa,GNB,Guinea-Bissau,2007,370
Africa,GNB,Guinea-Bissau,2006,507
Africa,GNB,Guinea-Bissau,2005,565
Africa,GNB,Guinea-Bissau,2004,565
Africa,GNB,Guinea-Bissau,2003,1137
Africa,GNB,Guinea-Bissau,2002,780
Africa,GNB,Guinea-Bissau,2001,635
Africa,GNQ,Equatorial Guinea,2016,109
Africa,GNQ,Equatorial Guinea,2015,28
Africa,GNQ,Equatorial Guinea,2013,66
Africa,GNQ,Equatorial Guinea,2012,77
Africa,GNQ,Equatorial Guinea,2011,52
Africa,GNQ,Equatorial Guinea,2010,30
Africa,GNQ,Equatorial Guinea,2009,23
Africa,GNQ,Equatorial Guinea,2008,4
Americas,COL,Colombia,2017,19
Africa,KEN,Kenya,2016,603
Africa,KEN,Kenya,2015,15061
Africa,KEN,Kenya,2014,472
Africa,KEN,Kenya,2013,360
Africa,KEN,Kenya,2012,785
Africa,KEN,Kenya,2011,713
Africa,KEN,Kenya,2010,26017
Africa,KEN,Kenya,2006,40079
Africa,KEN,Kenya,2005,44328
Africa,KEN,Kenya,2004,25403
Africa,KEN,Kenya,2003,51842
Africa,KEN,Kenya,2002,47697
Africa,KEN,Kenya,2001,48286
Africa,KEN,Kenya,2000,48767
Africa,COM,Comoros,2017,3
Africa,LBR,Liberia,2016,1259
Africa,LBR,Liberia,2015,1379
Africa,LBR,Liberia,2014,2288
Africa,LBR,Liberia,2013,1191
Africa,LBR,Liberia,2012,1725
Africa,LBR,Liberia,2010,1422
Africa,LBR,Liberia,2009,1706
Africa,LBR,Liberia,2008,345
Africa,LBR,Liberia,2007,310
Africa,LBR,Liberia,2006,877
Africa,LBR,Liberia,2005,41
Africa,COG,Congo,2017,229
Africa,MDG,Madagascar,2016,443
Africa,MDG,Madagascar,2015,841
Africa,MDG,Madagascar,2014,551
Africa,MDG,Madagascar,2013,641
Africa,MDG,Madagascar,2012,552
Africa,MDG,Madagascar,2011,398
Africa,MDG,Madagascar,2010,427
Africa,MDG,Madagascar,2009,348
Africa,MDG,Madagascar,2008,355
Africa,MDG,Madagascar,2007,428
Africa,MDG,Madagascar,2006,441
Africa,MDG,Madagascar,2005,699
Africa,MDG,Madagascar,2004,715
Africa,MDG,Madagascar,2003,817
Africa,MDG,Madagascar,2002,575
Africa,MDG,Madagascar,2001,742
Africa,MDG,Madagascar,2000,591
Oceania,COK,Cook Islands,2017,
Americas,CRI,Costa Rica,2017,0
Africa,MLI,Mali,2016,1344
Africa,MLI,Mali,2015,1544
Africa,MLI,Mali,2014,2309
Africa,MLI,Mali,2013,1680
Africa,MLI,Mali,2012,1894
Africa,MLI,Mali,2011,2128
Africa,MLI,Mali,2010,3006
Africa,MLI,Mali,2009,2331
Africa,MLI,Mali,2008,1227
Africa,MLI,Mali,2007,1782
Africa,MLI,Mali,2006,1914
Africa,MLI,Mali,2005,1285
Africa,MLI,Mali,2004,1012
Africa,MLI,Mali,2003,1309
Africa,MLI,Mali,2002,826
Africa,MLI,Mali,2001,562
Africa,MLI,Mali,2000,748
Africa,CIV,Côte d’Ivoire,2017,3222
Africa,MOZ,Mozambique,2016,1685
Africa,MOZ,Mozambique,2015,2467
Africa,MOZ,Mozambique,2014,3245
Africa,MOZ,Mozambique,2013,2941
Africa,MOZ,Mozambique,2012,2818
Africa,MOZ,Mozambique,2011,3086
Africa,MOZ,Mozambique,2010,3354
Africa,MOZ,Mozambique,2009,3747
Africa,MOZ,Mozambique,2008,4424
Africa,MOZ,Mozambique,2007,5816
Europe,HRV,Croatia,2017,
Africa,MRT,Mauritania,2016,315
Africa,MRT,Mauritania,2015,39
Africa,MRT,Mauritania,2014,19
Africa,MRT,Mauritania,2013,46
Africa,MRT,Mauritania,2012,106
Africa,MRT,Mauritania,2011,66
Africa,MRT,Mauritania,2010,60
Africa,MRT,Mauritania,2009,91
Africa,MRT,Mauritania,2007,142
Africa,MRT,Mauritania,2006,67
North America,CUB,Cuba,2017,
North America,CUW,Curacao,2017,
Europe,CYP,Cyprus,2017,
Europe,CZE,Czechia,2017,
South-East Asia,PRK,Democratic People's Republic of Korea,2017,0
Africa,COD,Democratic Republic of the Congo,2017,27458
Africa,MWI,Malawi,2016,4000
Africa,MWI,Malawi,2015,3799
Africa,MWI,Malawi,2014,4490
Africa,MWI,Malawi,2013,3723
Africa,MWI,Malawi,2012,5516
Africa,MWI,Malawi,2011,6674
Africa,MWI,Malawi,2010,8206
Africa,MWI,Malawi,2009,8915
Africa,MWI,Malawi,2008,8048
Africa,MWI,Malawi,2007,7486
Africa,MWI,Malawi,2006,6464
Africa,MWI,Malawi,2005,5070
Africa,MWI,Malawi,2004,3457
Africa,MWI,Malawi,2003,4767
Africa,MWI,Malawi,2002,5775
Africa,MWI,Malawi,2001,3355
Europe,DNK,Denmark,2017,
Eastern Mediterranean,DJI,Djibouti,2017,
North America,DMA,Dominica,2017,
Americas,DOM,Dominican Republic,2017,1
Africa,NAM,Namibia,2016,65
Africa,NAM,Namibia,2015,45
Africa,NAM,Namibia,2014,61
Africa,NAM,Namibia,2013,21
Africa,NAM,Namibia,2012,4
Africa,NAM,Namibia,2011,36
Africa,NAM,Namibia,2010,63
Africa,NAM,Namibia,2009,68
Africa,NAM,Namibia,2008,152
Africa,NAM,Namibia,2007,181
Africa,NAM,Namibia,2006,571
Africa,NAM,Namibia,2005,1325
Africa,NAM,Namibia,2004,1185
Africa,NAM,Namibia,2003,1106
Africa,NAM,Namibia,2002,1504
Africa,NAM,Namibia,2001,1728
Americas,ECU,Ecuador,2017,1
Africa,NER,Niger,2016,2226
Africa,NER,Niger,2015,2778
Africa,NER,Niger,2014,2691
Africa,NER,Niger,2013,2209
Africa,NER,Niger,2012,2825
Africa,NER,Niger,2011,2802
Africa,NER,Niger,2010,3929
Africa,NER,Niger,2009,2159
Africa,NER,Niger,2008,2461
Africa,NER,Niger,2007,1358
Africa,NER,Niger,2006,1150
Africa,NER,Niger,2005,2060
Africa,NER,Niger,2004,1333
Africa,NER,Niger,2003,2248
Africa,NER,Niger,2002,2769
Africa,NER,Niger,2001,2366
Africa,NER,Niger,2000,1244
Africa,NGA,Nigeria,2014,6082
Africa,NGA,Nigeria,2013,7878
Africa,NGA,Nigeria,2012,7734
Africa,NGA,Nigeria,2011,3353
Africa,NGA,Nigeria,2010,4238
Africa,NGA,Nigeria,2009,7522
Africa,NGA,Nigeria,2008,8677
Africa,NGA,Nigeria,2007,10289
Africa,NGA,Nigeria,2006,6586
Africa,NGA,Nigeria,2005,6494
Africa,NGA,Nigeria,2004,6032
Africa,NGA,Nigeria,2003,5343
Africa,NGA,Nigeria,2002,4092
Africa,NGA,Nigeria,2001,4317
Eastern Mediterranean,EGY,Egypt,2017,
Americas,SLV,El Salvador,2017,0
Africa,RWA,Rwanda,2016,715
Africa,RWA,Rwanda,2015,516
Africa,RWA,Rwanda,2014,496
Africa,RWA,Rwanda,2013,409
Africa,RWA,Rwanda,2012,459
Africa,RWA,Rwanda,2011,380
Africa,RWA,Rwanda,2010,670
Africa,RWA,Rwanda,2009,809
Africa,RWA,Rwanda,2008,566
Africa,RWA,Rwanda,2007,1772
Africa,RWA,Rwanda,2006,2486
Africa,RWA,Rwanda,2005,2581
Africa,RWA,Rwanda,2004,2362
Africa,RWA,Rwanda,2003,2679
Africa,RWA,Rwanda,2002,3167
Africa,RWA,Rwanda,2001,4275
Africa,GNQ,Equatorial Guinea,2017,
Africa,SEN,Senegal,2016,325
Africa,SEN,Senegal,2015,526
Africa,SEN,Senegal,2014,500
Africa,SEN,Senegal,2013,815
Africa,SEN,Senegal,2012,649
Africa,SEN,Senegal,2011,472
Africa,SEN,Senegal,2010,553
Africa,SEN,Senegal,2009,574
Africa,SEN,Senegal,2008,741
Africa,SEN,Senegal,2007,1935
Africa,SEN,Senegal,2006,1678
Africa,SEN,Senegal,2005,1587
Africa,SEN,Senegal,2004,1524
Africa,SEN,Senegal,2003,1602
Africa,SEN,Senegal,2002,1226
Africa,SEN,Senegal,2001,1515
Africa,SEN,Senegal,2000,1275
Africa,ERI,Eritrea,2017,8
Europe,EST,Estonia,2017,
Africa,SWZ,Eswatini,2017,20
Africa,SLE,Sierra Leone,2016,1345
Africa,SLE,Sierra Leone,2015,1107
Africa,SLE,Sierra Leone,2014,2848
Africa,SLE,Sierra Leone,2013,4326
Africa,SLE,Sierra Leone,2012,3611
Africa,SLE,Sierra Leone,2011,3573
Africa,SLE,Sierra Leone,2010,8188
Africa,SLE,Sierra Leone,2009,1734
Africa,SLE,Sierra Leone,2008,871
Africa,SLE,Sierra Leone,2007,324
Africa,SLE,Sierra Leone,2006,90
Africa,SLE,Sierra Leone,2005,50
Africa,SLE,Sierra Leone,2004,126
Africa,SLE,Sierra Leone,2003,157
Africa,SLE,Sierra Leone,2002,461
Africa,SLE,Sierra Leone,2001,328
Africa,ETH,Ethiopia,2017,356
Africa,SSD,South Sudan,2013,1311
Africa,SSD,South Sudan,2012,1321
Africa,SSD,South Sudan,2011,406
Africa,SSD,South Sudan,2010,1053
Africa,SSD,South Sudan,2009,254
Africa,SSD,South Sudan,2008,263
Europe,FRO,Faeroe Islands,2017,
South America,FLK,Falkland Islands,2017,
Oceania,FJI,Fiji,2017,
Europe,FIN,Finland,2017,
Europe,FRA,France,2017,
Oceania,PYF,French Polynesia,2017,
Africa,GAB,Gabon,2017,218
Africa,STP,Sao Tome and Principe,2016,0
Africa,STP,Sao Tome and Principe,2015,0
Africa,STP,Sao Tome and Principe,2014,0
Africa,STP,Sao Tome and Principe,2013,11
Africa,STP,Sao Tome and Principe,2012,7
Africa,STP,Sao Tome and Principe,2011,19
Africa,STP,Sao Tome and Principe,2010,14
Africa,STP,Sao Tome and Principe,2009,23
Africa,STP,Sao Tome and Principe,2008,16
Africa,STP,Sao Tome and Principe,2007,3
Africa,STP,Sao Tome and Principe,2006,26
Africa,STP,Sao Tome and Principe,2005,85
Africa,STP,Sao Tome and Principe,2004,169
Africa,STP,Sao Tome and Principe,2003,193
Africa,STP,Sao Tome and Principe,2002,321
Africa,STP,Sao Tome and Principe,2001,248
Africa,STP,Sao Tome and Principe,2000,254
Africa,GMB,Gambia,2017,54
Africa,SWZ,Eswatini,2016,3
Africa,SWZ,Eswatini,2015,5
Africa,SWZ,Eswatini,2013,4
Africa,SWZ,Eswatini,2012,3
Africa,SWZ,Eswatini,2011,1
Africa,SWZ,Eswatini,2010,8
Africa,SWZ,Eswatini,2009,13
Africa,SWZ,Eswatini,2008,10
Africa,SWZ,Eswatini,2007,17
Africa,SWZ,Eswatini,2006,27
Africa,SWZ,Eswatini,2005,17
Africa,SWZ,Eswatini,2004,28
Africa,SWZ,Eswatini,2003,30
Africa,SWZ,Eswatini,2002,46
Africa,SWZ,Eswatini,2001,62
Europe,GEO,Georgia,2017,
Europe,DEU,Germany,2017,
Africa,GHA,Ghana,2017,599
Africa,TCD,Chad,2016,1686
Africa,TCD,Chad,2015,1572
Africa,TCD,Chad,2014,1720
Africa,TCD,Chad,2013,1881
Africa,TCD,Chad,2012,1359
Africa,TCD,Chad,2011,1220
Africa,TCD,Chad,2010,886
Africa,TCD,Chad,2009,221
Africa,TCD,Chad,2008,1018
Africa,TCD,Chad,2007,617
Africa,TCD,Chad,2006,837
Africa,TCD,Chad,2005,558
Africa,TCD,Chad,2004,13
Africa,TCD,Chad,2003,1021
Africa,TCD,Chad,2002,98
Africa,TCD,Chad,2001,957
Africa,TCD,Chad,2000,712
Europe,GIB,Gibraltar,2017,
Europe,GRC,Greece,2017,
North America,GRL,Greenland,2017,
North America,GRD,Grenada,2017,
Americas,GTM,Guatemala,2017,0
Africa,TGO,Togo,2016,847
Africa,TGO,Togo,2015,1205
Africa,TGO,Togo,2014,1205
Africa,TGO,Togo,2013,1361
Africa,TGO,Togo,2012,1197
Africa,TGO,Togo,2011,1314
Africa,TGO,Togo,2010,1507
Africa,TGO,Togo,2009,1556
Africa,TGO,Togo,2008,2663
Africa,TGO,Togo,2007,1236
Africa,TGO,Togo,2006,819
Africa,TGO,Togo,2005,1024
Africa,TGO,Togo,2004,1183
Africa,TGO,Togo,2003,1130
Africa,TGO,Togo,2002,1661
Africa,TGO,Togo,2001,1394
Africa,GIN,Guinea,2017,1174
Africa,TZA,United Republic of Tanzania,2016,5046
Africa,TZA,United Republic of Tanzania,2015,6313
Africa,TZA,United Republic of Tanzania,2014,5373
Africa,TZA,United Republic of Tanzania,2013,8528
Africa,TZA,United Republic of Tanzania,2012,7820
Africa,TZA,United Republic of Tanzania,2011,11806
Africa,TZA,United Republic of Tanzania,2010,15867
Africa,TZA,United Republic of Tanzania,2009,16776
Africa,TZA,United Republic of Tanzania,2008,12497
Africa,TZA,United Republic of Tanzania,2007,12593
Africa,TZA,United Republic of Tanzania,2006,20962
Africa,TZA,United Republic of Tanzania,2005,18322
Africa,TZA,United Republic of Tanzania,2004,19859
Africa,TZA,United Republic of Tanzania,2003,15251
Africa,TZA,United Republic of Tanzania,2002,815
Africa,TZA,United Republic of Tanzania,2001,1228
Africa,TZA,United Republic of Tanzania,2000,379
Africa,GNB,Guinea-Bissau,2017,296
Africa,UGA,Uganda,2016,5635
Africa,UGA,Uganda,2015,6100
Africa,UGA,Uganda,2014,5921
Africa,UGA,Uganda,2013,7277
Africa,UGA,Uganda,2012,6585
Africa,UGA,Uganda,2011,5958
Africa,UGA,Uganda,2010,8431
Africa,UGA,Uganda,2009,6296
Africa,UGA,Uganda,2008,2372
Africa,UGA,Uganda,2007,7003
Africa,UGA,Uganda,2006,4252
Americas,GUY,Guyana,2017,11
Africa,ZAF,South Africa,2016,34
Africa,ZAF,South Africa,2015,110
Africa,ZAF,South Africa,2014,174
Africa,ZAF,South Africa,2013,105
Africa,ZAF,South Africa,2012,72
Africa,ZAF,South Africa,2011,54
Africa,ZAF,South Africa,2010,83
Africa,ZAF,South Africa,2009,45
Africa,ZAF,South Africa,2008,43
Africa,ZAF,South Africa,2007,37
Africa,ZAF,South Africa,2006,87
Africa,ZAF,South Africa,2005,63
Africa,ZAF,South Africa,2004,88
Africa,ZAF,South Africa,2003,142
Africa,ZAF,South Africa,2002,96
Africa,ZAF,South Africa,2001,81
Africa,ZAF,South Africa,2000,424
Americas,HTI,Haiti,2017,12
Africa,ZMB,Zambia,2016,1827
Africa,ZMB,Zambia,2015,2389
Africa,ZMB,Zambia,2014,3257
Africa,ZMB,Zambia,2013,3548
Africa,ZMB,Zambia,2012,3705
Africa,ZMB,Zambia,2011,4540
Africa,ZMB,Zambia,2010,4834
Africa,ZMB,Zambia,2009,3862
Africa,ZMB,Zambia,2008,3781
Africa,ZMB,Zambia,2007,6183
Africa,ZMB,Zambia,2006,6484
Africa,ZMB,Zambia,2005,7737
Africa,ZMB,Zambia,2004,8289
Africa,ZMB,Zambia,2003,9178
Africa,ZMB,Zambia,2002,9021
Africa,ZMB,Zambia,2001,9369
Americas,HND,Honduras,2017,1
Africa,ZWE,Zimbabwe,2016,351
Africa,ZWE,Zimbabwe,2015,200
Africa,ZWE,Zimbabwe,2014,406
Africa,ZWE,Zimbabwe,2013,352
Africa,ZWE,Zimbabwe,2012,351
Africa,ZWE,Zimbabwe,2011,451
Africa,ZWE,Zimbabwe,2010,255
Africa,ZWE,Zimbabwe,2009,108
Africa,ZWE,Zimbabwe,2008,232
Africa,ZWE,Zimbabwe,2007,401
Africa,ZWE,Zimbabwe,2006,802
Africa,ZWE,Zimbabwe,2005,1916
Africa,ZWE,Zimbabwe,2004,1809
Africa,ZWE,Zimbabwe,2003,1044
Africa,ZWE,Zimbabwe,2002,1844
Asia,HKG,Hong Kong,2017,
Europe,HUN,Hungary,2017,
Europe,ISL,Iceland,2017,
South-East Asia,IND,India,2017,194
Americas,ARG,Argentina,2016,0
Americas,ARG,Argentina,2015,0
Americas,ARG,Argentina,2014,0
Americas,ARG,Argentina,2013,0
Americas,ARG,Argentina,2012,0
Americas,ARG,Argentina,2011,0
Americas,ARG,Argentina,2010,0
Americas,ARG,Argentina,2009,0
Americas,ARG,Argentina,2008,0
Americas,ARG,Argentina,2007,0
Americas,ARG,Argentina,2006,0
Americas,ARG,Argentina,2005,0
Americas,ARG,Argentina,2004,0
Americas,ARG,Argentina,2003,1
Americas,ARG,Argentina,2002,0
Americas,ARG,Argentina,2001,0
Americas,ARG,Argentina,2000,0
South-East Asia,IDN,Indonesia,2017,47
Americas,BLZ,Belize,2016,0
Americas,BLZ,Belize,2015,0
Americas,BLZ,Belize,2014,0
Americas,BLZ,Belize,2013,0
Americas,BLZ,Belize,2012,0
Americas,BLZ,Belize,2011,0
Americas,BLZ,Belize,2010,0
Americas,BLZ,Belize,2009,0
Americas,BLZ,Belize,2008,0
Americas,BLZ,Belize,2007,0
Americas,BLZ,Belize,2006,1
Americas,BLZ,Belize,2005,0
Americas,BLZ,Belize,2004,1
Americas,BLZ,Belize,2002,0
Americas,BLZ,Belize,2001,0
Americas,BLZ,Belize,2000,0
Eastern Mediterranean,IRN,Iran,2017,1
Americas,BOL,Bolivia (Plurinational State of),2016,0
Americas,BOL,Bolivia (Plurinational State of),2015,0
Americas,BOL,Bolivia (Plurinational State of),2014,1
Americas,BOL,Bolivia (Plurinational State of),2013,0
Americas,BOL,Bolivia (Plurinational State of),2012,0
Americas,BOL,Bolivia (Plurinational State of),2011,0
Americas,BOL,Bolivia (Plurinational State of),2010,0
Americas,BOL,Bolivia (Plurinational State of),2009,0
Americas,BOL,Bolivia (Plurinational State of),2008,0
Americas,BOL,Bolivia (Plurinational State of),2007,0
Americas,BOL,Bolivia (Plurinational State of),2006,0
Americas,BOL,Bolivia (Plurinational State of),2005,0
Americas,BOL,Bolivia (Plurinational State of),2004,3
Americas,BOL,Bolivia (Plurinational State of),2003,1
Americas,BOL,Bolivia (Plurinational State of),2002,4
Americas,BOL,Bolivia (Plurinational State of),2001,0
Americas,BOL,Bolivia (Plurinational State of),2000,11
Eastern Mediterranean,IRQ,Iraq,2017,
Europe,IRL,Ireland,2017,
Europe,IMN,Isle of Man,2017,
Asia,ISR,Israel,2017,
Europe,ITA,Italy,2017,
North America,JAM,Jamaica,2017,
Asia,JPN,Japan,2017,
Asia,JOR,Jordan,2017,
Europe,KAZ,Kazakhstan,2017,
Africa,KEN,Kenya,2017,
Africa,KEN,Kenya,2017,
Oceania,KIR,Kiribati,2017,
Europe,KOS,Kosovo,2017,
Asia,KWT,Kuwait,2017,
Europe,KGZ,Kyrgyzstan,2017,
Americas,BRA,Brazil,2016,35
Americas,BRA,Brazil,2015,35
Americas,BRA,Brazil,2014,36
Americas,BRA,Brazil,2013,40
Americas,BRA,Brazil,2012,60
Americas,BRA,Brazil,2011,70
Americas,BRA,Brazil,2010,76
Americas,BRA,Brazil,2009,85
Americas,BRA,Brazil,2008,68
Americas,BRA,Brazil,2007,93
Americas,BRA,Brazil,2006,110
Americas,BRA,Brazil,2005,123
Americas,BRA,Brazil,2004,102
Americas,BRA,Brazil,2003,104
Americas,BRA,Brazil,2002,95
Americas,BRA,Brazil,2001,142
Americas,BRA,Brazil,2000,245
Western Pacific,LAO,Laos,2017,2
Europe,LVA,Latvia,2017,
Asia,LBN,Lebanon,2017,
Africa,LSO,Lesotho,2017,
Americas,COL,Colombia,2016,36
Americas,COL,Colombia,2015,18
Americas,COL,Colombia,2014,17
Americas,COL,Colombia,2013,10
Americas,COL,Colombia,2012,24
Americas,COL,Colombia,2011,23
Americas,COL,Colombia,2010,42
Americas,COL,Colombia,2009,28
Americas,COL,Colombia,2008,54
Americas,COL,Colombia,2007,68
Americas,COL,Colombia,2006,77
Americas,COL,Colombia,2005,87
Americas,COL,Colombia,2004,126
Americas,COL,Colombia,2003,118
Americas,COL,Colombia,2002,162
Americas,COL,Colombia,2001,168
Americas,COL,Colombia,2000,124
Africa,LBR,Liberia,2017,758
Africa,LBY,Libya,2017,
Europe,LIE,Liechtenstein,2017,
Europe,LTU,Lithuania,2017,
Europe,LUX,Luxembourg,2017,
Asia,MAC,Macao,2017,
Americas,CRI,Costa Rica,2016,0
Americas,CRI,Costa Rica,2015,0
Americas,CRI,Costa Rica,2014,0
Americas,CRI,Costa Rica,2013,0
Americas,CRI,Costa Rica,2012,0
Americas,CRI,Costa Rica,2011,0
Americas,CRI,Costa Rica,2010,0
Americas,CRI,Costa Rica,2009,1
Americas,CRI,Costa Rica,2008,0
Americas,CRI,Costa Rica,2007,0
Americas,CRI,Costa Rica,2006,0
Americas,CRI,Costa Rica,2005,0
Americas,CRI,Costa Rica,2004,0
Americas,CRI,Costa Rica,2003,0
Americas,CRI,Costa Rica,2002,0
Americas,CRI,Costa Rica,2001,0
Americas,CRI,Costa Rica,2000,0
Africa,MDG,Madagascar,2017,370
Americas,DOM,Dominican Republic,2016,2
Americas,DOM,Dominican Republic,2015,3
Americas,DOM,Dominican Republic,2014,4
Americas,DOM,Dominican Republic,2013,5
Americas,DOM,Dominican Republic,2012,8
Americas,DOM,Dominican Republic,2011,10
Americas,DOM,Dominican Republic,2010,15
Americas,DOM,Dominican Republic,2009,14
Americas,DOM,Dominican Republic,2008,11
Americas,DOM,Dominican Republic,2007,17
Americas,DOM,Dominican Republic,2006,10
Americas,DOM,Dominican Republic,2005,16
Americas,DOM,Dominican Republic,2004,16
Americas,DOM,Dominican Republic,2003,12
Americas,DOM,Dominican Republic,2002,11
Americas,DOM,Dominican Republic,2001,17
Americas,DOM,Dominican Republic,2000,6
Africa,MWI,Malawi,2017,3613
Americas,ECU,Ecuador,2016,0
Americas,ECU,Ecuador,2015,0
Americas,ECU,Ecuador,2014,0
Americas,ECU,Ecuador,2013,0
Americas,ECU,Ecuador,2012,0
Americas,ECU,Ecuador,2011,0
Americas,ECU,Ecuador,2010,0
Americas,ECU,Ecuador,2009,6
Americas,ECU,Ecuador,2008,5
Americas,ECU,Ecuador,2007,8
Americas,ECU,Ecuador,2006,9
Americas,ECU,Ecuador,2005,22
Americas,ECU,Ecuador,2004,37
Americas,ECU,Ecuador,2003,46
Americas,ECU,Ecuador,2002,64
Americas,ECU,Ecuador,2001,84
Americas,ECU,Ecuador,2000,66
Western Pacific,MYS,Malaysia,2017,12
Asia,MDV,Maldives,2017,
Americas,GTM,Guatemala,2016,0
Americas,GTM,Guatemala,2015,1
Americas,GTM,Guatemala,2014,1
Americas,GTM,Guatemala,2013,1
Americas,GTM,Guatemala,2012,0
Americas,GTM,Guatemala,2011,0
Americas,GTM,Guatemala,2010,0
Americas,GTM,Guatemala,2009,0
Americas,GTM,Guatemala,2008,0
Americas,GTM,Guatemala,2007,3
Americas,GTM,Guatemala,2006,2
Americas,GTM,Guatemala,2005,4
Americas,GTM,Guatemala,2004,2
Americas,GTM,Guatemala,2003,0
Americas,GTM,Guatemala,2002,0
Americas,GTM,Guatemala,2001,0
Americas,GTM,Guatemala,2000,0
Africa,MLI,Mali,2017,1050
Europe,MLT,Malta,2017,
Oceania,MHL,Marshall Islands,2017,
Americas,GUY,Guyana,2016,13
Americas,GUY,Guyana,2015,12
Americas,GUY,Guyana,2014,11
Americas,GUY,Guyana,2013,14
Americas,GUY,Guyana,2012,35
Americas,GUY,Guyana,2011,36
Americas,GUY,Guyana,2010,24
Americas,GUY,Guyana,2009,20
Americas,GUY,Guyana,2008,11
Americas,GUY,Guyana,2007,20
Americas,GUY,Guyana,2006,20
Americas,GUY,Guyana,2005,33
Americas,GUY,Guyana,2004,38
Americas,GUY,Guyana,2003,44
Americas,GUY,Guyana,2002,28
Americas,GUY,Guyana,2001,30
Americas,GUY,Guyana,2000,29
Africa,MRT,Mauritania,2017,67
Africa,MUS,Mauritius,2017,
Americas,HND,Honduras,2016,0
Americas,HND,Honduras,2015,0
Americas,HND,Honduras,2014,2
Americas,HND,Honduras,2013,1
Americas,HND,Honduras,2012,1
Americas,HND,Honduras,2011,2
Americas,HND,Honduras,2010,3
Americas,HND,Honduras,2009,1
Americas,HND,Honduras,2008,2
Americas,HND,Honduras,2007,2
Americas,HND,Honduras,2006,0
Americas,HND,Honduras,2005,1
Americas,HND,Honduras,2004,0
Americas,HND,Honduras,2003,0
Americas,HND,Honduras,2002,0
Americas,HND,Honduras,2001,0
Americas,HND,Honduras,2000,0
Americas,MEX,Mexico,2017,0
Oceania,FSM,Micronesia (country),2017,
Europe,MDA,Moldova,2017,
Europe,MCO,Monaco,2017,
Asia,MNG,Mongolia,2017,
Europe,MNE,Montenegro,2017,
North America,MSR,Montserrat,2017,
Eastern Mediterranean,MAR,Morocco,2017,
Americas,HTI,Haiti,2016,13
Americas,HTI,Haiti,2015,15
Americas,HTI,Haiti,2014,9
Americas,HTI,Haiti,2013,10
Americas,HTI,Haiti,2012,6
Americas,HTI,Haiti,2011,5
Americas,HTI,Haiti,2010,8
Americas,HTI,Haiti,2009,7
Americas,HTI,Haiti,2008,17
Americas,HTI,Haiti,2007,28
Americas,HTI,Haiti,2006,32
Americas,HTI,Haiti,2005,29
Americas,HTI,Haiti,2004,24
Americas,HTI,Haiti,2003,109
Americas,HTI,Haiti,2002,77
Americas,HTI,Haiti,2001,70
Americas,HTI,Haiti,2000,16
Africa,MOZ,Mozambique,2017,1114
Americas,MEX,Mexico,2016,1
Americas,MEX,Mexico,2015,0
Americas,MEX,Mexico,2014,0
Americas,MEX,Mexico,2013,0
Americas,MEX,Mexico,2012,0
Americas,MEX,Mexico,2011,0
Americas,MEX,Mexico,2010,0
Americas,MEX,Mexico,2009,0
Americas,MEX,Mexico,2008,0
Americas,MEX,Mexico,2007,0
Americas,MEX,Mexico,2006,0
Americas,MEX,Mexico,2005,0
Americas,MEX,Mexico,2004,0
Americas,MEX,Mexico,2003,0
Americas,MEX,Mexico,2002,0
Americas,MEX,Mexico,2001,0
Americas,MEX,Mexico,2000,0
Americas,NIC,Nicaragua,2016,2
Americas,NIC,Nicaragua,2015,1
Americas,NIC,Nicaragua,2014,0
Americas,NIC,Nicaragua,2013,0
Americas,NIC,Nicaragua,2012,2
Americas,NIC,Nicaragua,2011,1
Americas,NIC,Nicaragua,2010,1
Americas,NIC,Nicaragua,2009,0
Americas,NIC,Nicaragua,2008,0
Americas,NIC,Nicaragua,2007,0
Americas,NIC,Nicaragua,2006,1
Americas,NIC,Nicaragua,2005,6
Americas,NIC,Nicaragua,2004,1
Americas,NIC,Nicaragua,2003,7
Americas,NIC,Nicaragua,2002,8
Americas,NIC,Nicaragua,2001,2
Americas,NIC,Nicaragua,2000,4
South-East Asia,MMR,Myanmar,2017,30
Americas,PAN,Panama,2016,0
Americas,PAN,Panama,2015,0
Americas,PAN,Panama,2014,0
Americas,PAN,Panama,2013,0
Americas,PAN,Panama,2012,1
Americas,PAN,Panama,2011,0
Americas,PAN,Panama,2010,1
Americas,PAN,Panama,2009,0
Americas,PAN,Panama,2008,1
Americas,PAN,Panama,2007,1
Americas,PAN,Panama,2006,1
Americas,PAN,Panama,2005,1
Americas,PAN,Panama,2004,2
Americas,PAN,Panama,2003,4
Americas,PAN,Panama,2002,2
Americas,PAN,Panama,2001,1
Americas,PAN,Panama,2000,1
Africa,NAM,Namibia,2017,104
Americas,PER,Peru,2016,7
Americas,PER,Peru,2015,5
Americas,PER,Peru,2014,4
Americas,PER,Peru,2013,4
Americas,PER,Peru,2012,7
Americas,PER,Peru,2011,1
Americas,PER,Peru,2010,0
Americas,PER,Peru,2009,2
Americas,PER,Peru,2008,2
Americas,PER,Peru,2007,2
Americas,PER,Peru,2006,6
Americas,PER,Peru,2005,4
Americas,PER,Peru,2004,6
Americas,PER,Peru,2003,9
Americas,PER,Peru,2002,12
Americas,PER,Peru,2001,25
Americas,PER,Peru,2000,20
South-East Asia,NPL,Nepal,2017,3
Americas,PRY,Paraguay,2016,1
Americas,PRY,Paraguay,2015,0
Americas,PRY,Paraguay,2014,0
Americas,PRY,Paraguay,2013,0
Americas,PRY,Paraguay,2012,0
Americas,PRY,Paraguay,2011,0
Americas,PRY,Paraguay,2010,0
Americas,PRY,Paraguay,2009,0
Americas,PRY,Paraguay,2008,0
Americas,PRY,Paraguay,2007,0
Americas,PRY,Paraguay,2006,0
Americas,PRY,Paraguay,2005,0
Americas,PRY,Paraguay,2004,0
Americas,PRY,Paraguay,2003,0
Americas,PRY,Paraguay,2002,0
Americas,PRY,Paraguay,2001,0
Americas,PRY,Paraguay,2000,0
Africa,NER,Niger,2017,2316
Africa,NGA,Nigeria,2017,
Europe,MKD,North Macedonia,2017,
Europe,NOR,Norway,2017,
Eastern Mediterranean,OMN,Oman,2017,
Americas,SLV,El Salvador,2016,0
Americas,SLV,El Salvador,2015,0
Americas,SLV,El Salvador,2014,0
Americas,SLV,El Salvador,2013,0
Americas,SLV,El Salvador,2012,0
Americas,SLV,El Salvador,2011,0
Americas,SLV,El Salvador,2010,0
Americas,SLV,El Salvador,2009,0
Americas,SLV,El Salvador,2008,0
Americas,SLV,El Salvador,2007,0
Americas,SLV,El Salvador,2006,0
Americas,SLV,El Salvador,2005,0
Americas,SLV,El Salvador,2004,0
Americas,SLV,El Salvador,2003,0
Americas,SLV,El Salvador,2002,0
Americas,SLV,El Salvador,2001,0
Americas,SLV,El Salvador,2000,0
Eastern Mediterranean,PAK,Pakistan,2017,113
Oceania,PLW,Palau,2017,
Asia,PSE,Palestine,2017,
Americas,SUR,Suriname,2016,0
Americas,SUR,Suriname,2015,0
Americas,SUR,Suriname,2014,1
Americas,SUR,Suriname,2013,1
Americas,SUR,Suriname,2012,0
Americas,SUR,Suriname,2011,1
Americas,SUR,Suriname,2010,1
Americas,SUR,Suriname,2009,0
Americas,SUR,Suriname,2008,0
Americas,SUR,Suriname,2007,1
Americas,SUR,Suriname,2006,1
Americas,SUR,Suriname,2005,1
Americas,SUR,Suriname,2004,7
Americas,SUR,Suriname,2003,18
Americas,SUR,Suriname,2002,15
Americas,SUR,Suriname,2001,23
Americas,SUR,Suriname,2000,24
Americas,VEN,Venezuela (Bolivarian Republic of),2016,1
Americas,VEN,Venezuela (Bolivarian Republic of),2015,8
Americas,VEN,Venezuela (Bolivarian Republic of),2014,5
Americas,VEN,Venezuela (Bolivarian Republic of),2013,6
Americas,VEN,Venezuela (Bolivarian Republic of),2012,10
Americas,VEN,Venezuela (Bolivarian Republic of),2011,16
Americas,VEN,Venezuela (Bolivarian Republic of),2010,18
Americas,VEN,Venezuela (Bolivarian Republic of),2009,11
Americas,VEN,Venezuela (Bolivarian Republic of),2008,9
Americas,VEN,Venezuela (Bolivarian Republic of),2007,16
Americas,VEN,Venezuela (Bolivarian Republic of),2006,11
Americas,VEN,Venezuela (Bolivarian Republic of),2005,17
Americas,VEN,Venezuela (Bolivarian Republic of),2004,35
Americas,VEN,Venezuela (Bolivarian Republic of),2003,40
Americas,VEN,Venezuela (Bolivarian Republic of),2002,23
Americas,VEN,Venezuela (Bolivarian Republic of),2001,28
Americas,VEN,Venezuela (Bolivarian Republic of),2000,24
Americas,PAN,Panama,2017,0
Eastern Mediterranean,AFG,Afghanistan,2016,47
Eastern Mediterranean,AFG,Afghanistan,2015,49
Eastern Mediterranean,AFG,Afghanistan,2014,32
Eastern Mediterranean,AFG,Afghanistan,2013,24
Eastern Mediterranean,AFG,Afghanistan,2012,36
Eastern Mediterranean,AFG,Afghanistan,2011,40
Eastern Mediterranean,AFG,Afghanistan,2010,22
Eastern Mediterranean,AFG,Afghanistan,2009,32
Eastern Mediterranean,AFG,Afghanistan,2008,46
Eastern Mediterranean,AFG,Afghanistan,2007,25
Eastern Mediterranean,AFG,Afghanistan,2005,0
Eastern Mediterranean,DJI,Djibouti,2016,5
Eastern Mediterranean,DJI,Djibouti,2015,23
Eastern Mediterranean,DJI,Djibouti,2014,28
Eastern Mediterranean,DJI,Djibouti,2013,17
Eastern Mediterranean,DJI,Djibouti,2012,0
Eastern Mediterranean,DJI,Djibouti,2011,0
Eastern Mediterranean,DJI,Djibouti,2010,0
Eastern Mediterranean,DJI,Djibouti,2009,0
Eastern Mediterranean,DJI,Djibouti,2007,1
Eastern Mediterranean,DJI,Djibouti,2006,29
Eastern Mediterranean,EGY,Egypt,2011,4
Eastern Mediterranean,EGY,Egypt,2010,2
Eastern Mediterranean,EGY,Egypt,2009,2
Eastern Mediterranean,EGY,Egypt,2008,2
Eastern Mediterranean,EGY,Egypt,2007,0
Eastern Mediterranean,EGY,Egypt,2006,0
Western Pacific,PNG,Papua New Guinea,2017,273
Eastern Mediterranean,IRN,Iran (Islamic Republic of),2016,0
Eastern Mediterranean,IRN,Iran (Islamic Republic of),2015,1
Eastern Mediterranean,IRN,Iran (Islamic Republic of),2014,0
Eastern Mediterranean,IRN,Iran (Islamic Republic of),2013,0
Eastern Mediterranean,IRN,Iran (Islamic Republic of),2012,0
Eastern Mediterranean,IRN,Iran (Islamic Republic of),2011,0
Eastern Mediterranean,IRN,Iran (Islamic Republic of),2010,0
Eastern Mediterranean,IRN,Iran (Islamic Republic of),2008,3
Eastern Mediterranean,IRN,Iran (Islamic Republic of),2007,3
Eastern Mediterranean,IRN,Iran (Islamic Republic of),2006,1
Eastern Mediterranean,IRN,Iran (Islamic Republic of),2005,1
Eastern Mediterranean,IRN,Iran (Islamic Republic of),2004,1
Eastern Mediterranean,IRN,Iran (Islamic Republic of),2003,5
Eastern Mediterranean,IRN,Iran (Islamic Republic of),2002,2
Eastern Mediterranean,IRN,Iran (Islamic Republic of),2001,2
Eastern Mediterranean,IRN,Iran (Islamic Republic of),2000,4
Eastern Mediterranean,IRQ,Iraq,2014,0
Eastern Mediterranean,IRQ,Iraq,2013,0
Eastern Mediterranean,IRQ,Iraq,2012,0
Eastern Mediterranean,IRQ,Iraq,2011,0
Eastern Mediterranean,IRQ,Iraq,2010,0
Eastern Mediterranean,IRQ,Iraq,2009,0
Eastern Mediterranean,IRQ,Iraq,2008,0
Eastern Mediterranean,IRQ,Iraq,2007,0
Eastern Mediterranean,IRQ,Iraq,2006,0
Eastern Mediterranean,IRQ,Iraq,2005,0
Eastern Mediterranean,MAR,Morocco,2013,0
Eastern Mediterranean,MAR,Morocco,2010,2
Eastern Mediterranean,MAR,Morocco,2009,1
Eastern Mediterranean,MAR,Morocco,2008,1
Eastern Mediterranean,MAR,Morocco,2007,2
Eastern Mediterranean,MAR,Morocco,2006,2
Eastern Mediterranean,MAR,Morocco,2005,1
Eastern Mediterranean,OMN,Oman,2014,0
Eastern Mediterranean,OMN,Oman,2013,0
Eastern Mediterranean,OMN,Oman,2012,0
Eastern Mediterranean,OMN,Oman,2011,0
Eastern Mediterranean,OMN,Oman,2010,0
Eastern Mediterranean,OMN,Oman,2009,2
Eastern Mediterranean,OMN,Oman,2008,2
Eastern Mediterranean,OMN,Oman,2007,0
Eastern Mediterranean,OMN,Oman,2006,0
Eastern Mediterranean,OMN,Oman,2005,0
Americas,PRY,Paraguay,2017,0
Eastern Mediterranean,PAK,Pakistan,2016,33
Eastern Mediterranean,PAK,Pakistan,2015,34
Eastern Mediterranean,PAK,Pakistan,2014,56
Eastern Mediterranean,PAK,Pakistan,2013,244
Eastern Mediterranean,PAK,Pakistan,2012,260
Eastern Mediterranean,PAK,Pakistan,2011,4
Eastern Mediterranean,PAK,Pakistan,2007,24
Eastern Mediterranean,PAK,Pakistan,2006,9
Eastern Mediterranean,PAK,Pakistan,2005,52
Americas,PER,Peru,2017,10
Eastern Mediterranean,SAU,Saudi Arabia,2016,0
Eastern Mediterranean,SAU,Saudi Arabia,2015,0
Eastern Mediterranean,SAU,Saudi Arabia,2014,0
Eastern Mediterranean,SAU,Saudi Arabia,2013,0
Eastern Mediterranean,SAU,Saudi Arabia,2012,0
Eastern Mediterranean,SAU,Saudi Arabia,2011,0
Eastern Mediterranean,SAU,Saudi Arabia,2010,0
Eastern Mediterranean,SAU,Saudi Arabia,2009,0
Eastern Mediterranean,SAU,Saudi Arabia,2008,0
Eastern Mediterranean,SAU,Saudi Arabia,2007,0
Eastern Mediterranean,SAU,Saudi Arabia,2006,0
Eastern Mediterranean,SAU,Saudi Arabia,2005,0
Eastern Mediterranean,SAU,Saudi Arabia,2004,0
Eastern Mediterranean,SAU,Saudi Arabia,2003,0
Eastern Mediterranean,SAU,Saudi Arabia,2002,0
Eastern Mediterranean,SAU,Saudi Arabia,2001,0
Western Pacific,PHL,Philippines,2017,4
Europe,POL,Poland,2017,
Europe,PRT,Portugal,2017,
Asia,QAT,Qatar,2017,
Europe,ROU,Romania,2017,
Europe,RUS,Russia,2017,
Eastern Mediterranean,SDN,Sudan,2016,984
Eastern Mediterranean,SDN,Sudan,2015,868
Eastern Mediterranean,SDN,Sudan,2014,823
Eastern Mediterranean,SDN,Sudan,2013,685
Eastern Mediterranean,SDN,Sudan,2012,618
Eastern Mediterranean,SDN,Sudan,2011,612
Eastern Mediterranean,SDN,Sudan,2010,1023
Eastern Mediterranean,SDN,Sudan,2009,1142
Eastern Mediterranean,SDN,Sudan,2008,1125
Eastern Mediterranean,SDN,Sudan,2007,1254
Eastern Mediterranean,SDN,Sudan,2006,1193
Eastern Mediterranean,SDN,Sudan,2005,1789
Eastern Mediterranean,SDN,Sudan,2004,1814
Eastern Mediterranean,SDN,Sudan,2003,2479
Eastern Mediterranean,SDN,Sudan,2002,2125
Eastern Mediterranean,SDN,Sudan,2001,2252
Eastern Mediterranean,SDN,Sudan,2000,2162
Africa,RWA,Rwanda,2017,376
Africa,SHN,Saint Helena,2017,
North America,KNA,Saint Kitts and Nevis,2017,
North America,LCA,Saint Lucia,2017,
North America,SPM,Saint Pierre and Miquelon,2017,
North America,VCT,Saint Vincent and the Grenadines,2017,
Oceania,WSM,Samoa,2017,
Europe,SMR,San Marino,2017,
Eastern Mediterranean,SOM,Somalia,2016,13
Eastern Mediterranean,SOM,Somalia,2015,27
Eastern Mediterranean,SOM,Somalia,2014,14
Eastern Mediterranean,SOM,Somalia,2013,23
Eastern Mediterranean,SOM,Somalia,2012,10
Eastern Mediterranean,SOM,Somalia,2011,5
Eastern Mediterranean,SOM,Somalia,2010,6
Eastern Mediterranean,SOM,Somalia,2009,45
Eastern Mediterranean,SOM,Somalia,2008,49
Eastern Mediterranean,SOM,Somalia,2007,45
Eastern Mediterranean,SOM,Somalia,2006,58
Eastern Mediterranean,SOM,Somalia,2005,15
Eastern Mediterranean,SOM,Somalia,2004,79
Eastern Mediterranean,SOM,Somalia,2003,54
Eastern Mediterranean,SOM,Somalia,2002,8
Eastern Mediterranean,SYR,Syrian Arab Republic,2014,4
Eastern Mediterranean,SYR,Syrian Arab Republic,2013,1
Eastern Mediterranean,SYR,Syrian Arab Republic,2012,1
Eastern Mediterranean,SYR,Syrian Arab Republic,2011,0
Eastern Mediterranean,SYR,Syrian Arab Republic,2010,0
Eastern Mediterranean,SYR,Syrian Arab Republic,2009,1
Eastern Mediterranean,SYR,Syrian Arab Republic,2008,1
Eastern Mediterranean,SYR,Syrian Arab Republic,2007,1
Eastern Mediterranean,SYR,Syrian Arab Republic,2006,2
Eastern Mediterranean,SYR,Syrian Arab Republic,2005,2
Africa,STP,Sao Tome and Principe,2017,1
Eastern Mediterranean,YEM,Yemen,2016,65
Eastern Mediterranean,YEM,Yemen,2015,14
Eastern Mediterranean,YEM,Yemen,2014,23
Eastern Mediterranean,YEM,Yemen,2013,55
Eastern Mediterranean,YEM,Yemen,2012,72
Eastern Mediterranean,YEM,Yemen,2011,75
Eastern Mediterranean,YEM,Yemen,2010,92
Eastern Mediterranean,YEM,Yemen,2009,38
Eastern Mediterranean,YEM,Yemen,2006,73
Europe,ARM,Armenia,2016,0
Europe,ARM,Armenia,2015,0
Europe,ARM,Armenia,2014,0
Europe,ARM,Armenia,2013,0
Europe,ARM,Armenia,2012,0
Europe,ARM,Armenia,2011,0
Europe,ARM,Armenia,2010,0
Europe,ARM,Armenia,2009,0
Europe,ARM,Armenia,2008,0
Europe,ARM,Armenia,2007,0
Europe,ARM,Armenia,2006,0
Europe,ARM,Armenia,2005,0
Europe,ARM,Armenia,2004,0
Europe,ARM,Armenia,2003,0
Europe,ARM,Armenia,2002,0
Europe,ARM,Armenia,2001,0
Europe,ARM,Armenia,2000,0
Europe,AZE,Azerbaijan,2016,0
Europe,AZE,Azerbaijan,2015,0
Europe,AZE,Azerbaijan,2014,0
Europe,AZE,Azerbaijan,2013,0
Europe,AZE,Azerbaijan,2012,0
Europe,AZE,Azerbaijan,2011,0
Europe,AZE,Azerbaijan,2010,0
Europe,AZE,Azerbaijan,2009,0
Europe,AZE,Azerbaijan,2008,0
Europe,AZE,Azerbaijan,2007,0
Europe,AZE,Azerbaijan,2006,0
Europe,AZE,Azerbaijan,2005,0
Europe,AZE,Azerbaijan,2004,0
Europe,AZE,Azerbaijan,2003,0
Europe,AZE,Azerbaijan,2002,0
Europe,AZE,Azerbaijan,2001,0
Europe,AZE,Azerbaijan,2000,0
Europe,GEO,Georgia,2016,0
Europe,GEO,Georgia,2015,1
Europe,GEO,Georgia,2014,0
Europe,GEO,Georgia,2013,0
Europe,GEO,Georgia,2012,0
Europe,GEO,Georgia,2011,0
Europe,GEO,Georgia,2010,0
Europe,GEO,Georgia,2009,0
Europe,GEO,Georgia,2008,0
Europe,GEO,Georgia,2007,0
Europe,GEO,Georgia,2006,0
Europe,GEO,Georgia,2005,0
Europe,GEO,Georgia,2004,0
Europe,GEO,Georgia,2003,0
Europe,GEO,Georgia,2002,0
Europe,GEO,Georgia,2001,0
Europe,GEO,Georgia,2000,0
Europe,KGZ,Kyrgyzstan,2016,0
Europe,KGZ,Kyrgyzstan,2015,0
Europe,KGZ,Kyrgyzstan,2014,0
Europe,KGZ,Kyrgyzstan,2013,0
Europe,KGZ,Kyrgyzstan,2012,0
Europe,KGZ,Kyrgyzstan,2011,1
Europe,KGZ,Kyrgyzstan,2010,0
Europe,KGZ,Kyrgyzstan,2009,0
Europe,KGZ,Kyrgyzstan,2008,0
Europe,KGZ,Kyrgyzstan,2007,0
Europe,KGZ,Kyrgyzstan,2006,0
Europe,KGZ,Kyrgyzstan,2005,0
Europe,KGZ,Kyrgyzstan,2004,0
Europe,KGZ,Kyrgyzstan,2003,0
Europe,KGZ,Kyrgyzstan,2002,0
Europe,KGZ,Kyrgyzstan,2001,0
Europe,KGZ,Kyrgyzstan,2000,0
Europe,TJK,Tajikistan,2016,0
Europe,TJK,Tajikistan,2015,0
Europe,TJK,Tajikistan,2014,0
Europe,TJK,Tajikistan,2013,0
Europe,TJK,Tajikistan,2012,0
Europe,TJK,Tajikistan,2011,0
Europe,TJK,Tajikistan,2010,0
Europe,TJK,Tajikistan,2009,0
Europe,TJK,Tajikistan,2008,0
Europe,TJK,Tajikistan,2007,0
Europe,TJK,Tajikistan,2006,0
Europe,TJK,Tajikistan,2005,0
Europe,TJK,Tajikistan,2004,0
Europe,TJK,Tajikistan,2003,0
Europe,TJK,Tajikistan,2002,0
Europe,TJK,Tajikistan,2001,0
Europe,TJK,Tajikistan,2000,0
Europe,TKM,Turkmenistan,2016,0
Europe,TKM,Turkmenistan,2015,0
Europe,TKM,Turkmenistan,2014,0
Europe,TKM,Turkmenistan,2013,0
Europe,TKM,Turkmenistan,2012,0
Europe,TKM,Turkmenistan,2011,0
Europe,TKM,Turkmenistan,2010,0
Europe,TKM,Turkmenistan,2009,0
Europe,TKM,Turkmenistan,2008,0
Europe,TKM,Turkmenistan,2007,0
Europe,TKM,Turkmenistan,2006,0
Europe,TKM,Turkmenistan,2005,0
Europe,TKM,Turkmenistan,2004,0
Europe,TKM,Turkmenistan,2003,0
Europe,TKM,Turkmenistan,2002,0
Europe,TKM,Turkmenistan,2001,0
Europe,TKM,Turkmenistan,2000,0
Europe,TUR,Turkey,2016,6
Europe,TUR,Turkey,2015,3
Europe,TUR,Turkey,2014,1
Europe,TUR,Turkey,2013,3
Europe,TUR,Turkey,2012,0
Europe,TUR,Turkey,2011,4
Europe,TUR,Turkey,2010,0
Europe,TUR,Turkey,2009,1
Europe,TUR,Turkey,2008,3
Europe,TUR,Turkey,2007,1
Europe,TUR,Turkey,2006,0
Europe,TUR,Turkey,2005,0
Europe,TUR,Turkey,2004,0
Europe,TUR,Turkey,2003,0
Europe,TUR,Turkey,2002,0
Europe,TUR,Turkey,2001,0
Europe,TUR,Turkey,2000,0
Europe,UZB,Uzbekistan,2016,0
Europe,UZB,Uzbekistan,2015,0
Europe,UZB,Uzbekistan,2014,0
Europe,UZB,Uzbekistan,2013,0
Europe,UZB,Uzbekistan,2012,0
Europe,UZB,Uzbekistan,2011,0
Europe,UZB,Uzbekistan,2010,0
Europe,UZB,Uzbekistan,2009,0
Europe,UZB,Uzbekistan,2008,0
Europe,UZB,Uzbekistan,2007,1
Europe,UZB,Uzbekistan,2006,0
Europe,UZB,Uzbekistan,2005,0
Europe,UZB,Uzbekistan,2004,0
Europe,UZB,Uzbekistan,2003,0
Europe,UZB,Uzbekistan,2002,0
Europe,UZB,Uzbekistan,2001,0
Europe,UZB,Uzbekistan,2000,0
Eastern Mediterranean,SAU,Saudi Arabia,2017,0
South-East Asia,BGD,Bangladesh,2016,17
South-East Asia,BGD,Bangladesh,2015,9
South-East Asia,BGD,Bangladesh,2014,45
South-East Asia,BGD,Bangladesh,2013,15
South-East Asia,BGD,Bangladesh,2012,11
South-East Asia,BGD,Bangladesh,2011,36
South-East Asia,BGD,Bangladesh,2010,37
South-East Asia,BGD,Bangladesh,2009,47
South-East Asia,BGD,Bangladesh,2008,154
South-East Asia,BGD,Bangladesh,2007,228
South-East Asia,BGD,Bangladesh,2006,508
South-East Asia,BGD,Bangladesh,2005,501
South-East Asia,BGD,Bangladesh,2004,505
South-East Asia,BGD,Bangladesh,2003,574
South-East Asia,BGD,Bangladesh,2002,598
South-East Asia,BGD,Bangladesh,2001,470
South-East Asia,BGD,Bangladesh,2000,484
Africa,SEN,Senegal,2017,284
Europe,SRB,Serbia,2017,
Africa,SYC,Seychelles,2017,
South-East Asia,BTN,Bhutan,2016,0
South-East Asia,BTN,Bhutan,2015,0
South-East Asia,BTN,Bhutan,2014,0
South-East Asia,BTN,Bhutan,2013,0
South-East Asia,BTN,Bhutan,2012,1
South-East Asia,BTN,Bhutan,2011,1
South-East Asia,BTN,Bhutan,2010,2
South-East Asia,BTN,Bhutan,2009,4
South-East Asia,BTN,Bhutan,2008,2
South-East Asia,BTN,Bhutan,2007,2
South-East Asia,BTN,Bhutan,2006,7
South-East Asia,BTN,Bhutan,2005,5
South-East Asia,BTN,Bhutan,2004,7
South-East Asia,BTN,Bhutan,2003,14
South-East Asia,BTN,Bhutan,2002,11
South-East Asia,BTN,Bhutan,2001,14
South-East Asia,BTN,Bhutan,2000,15
Africa,SLE,Sierra Leone,2017,1298
Asia,SGP,Singapore,2017,
Europe,SVK,Slovakia,2017,
Europe,SVN,Slovenia,2017,
South-East Asia,IDN,Indonesia,2016,161
South-East Asia,IDN,Indonesia,2015,157
South-East Asia,IDN,Indonesia,2014,217
South-East Asia,IDN,Indonesia,2013,385
South-East Asia,IDN,Indonesia,2012,252
South-East Asia,IDN,Indonesia,2011,388
South-East Asia,IDN,Indonesia,2010,432
South-East Asia,IDN,Indonesia,2009,900
South-East Asia,IDN,Indonesia,2008,669
South-East Asia,IDN,Indonesia,2006,494
South-East Asia,IDN,Indonesia,2005,88
South-East Asia,IDN,Indonesia,2004,508
South-East Asia,IDN,Indonesia,2000,833
Western Pacific,SLB,Solomon Islands,2017,27
South-East Asia,IND,India,2016,331
South-East Asia,IND,India,2015,384
South-East Asia,IND,India,2014,562
South-East Asia,IND,India,2013,440
South-East Asia,IND,India,2012,519
South-East Asia,IND,India,2011,754
South-East Asia,IND,India,2010,1018
South-East Asia,IND,India,2009,1144
South-East Asia,IND,India,2008,1055
South-East Asia,IND,India,2007,1311
South-East Asia,IND,India,2006,1708
South-East Asia,IND,India,2005,963
South-East Asia,IND,India,2004,949
South-East Asia,IND,India,2003,1006
South-East Asia,IND,India,2002,973
South-East Asia,IND,India,2001,1015
South-East Asia,IND,India,2000,892
Eastern Mediterranean,SOM,Somalia,2017,20
South-East Asia,LKA,Sri Lanka,2016,0
South-East Asia,LKA,Sri Lanka,2015,0
South-East Asia,LKA,Sri Lanka,2014,0
South-East Asia,LKA,Sri Lanka,2013,0
South-East Asia,LKA,Sri Lanka,2012,0
South-East Asia,LKA,Sri Lanka,2011,0
South-East Asia,LKA,Sri Lanka,2010,0
South-East Asia,LKA,Sri Lanka,2009,0
South-East Asia,LKA,Sri Lanka,2008,0
South-East Asia,LKA,Sri Lanka,2007,1
South-East Asia,LKA,Sri Lanka,2006,1
South-East Asia,LKA,Sri Lanka,2005,0
South-East Asia,LKA,Sri Lanka,2004,1
South-East Asia,LKA,Sri Lanka,2003,4
South-East Asia,LKA,Sri Lanka,2002,30
South-East Asia,LKA,Sri Lanka,2001,52
South-East Asia,LKA,Sri Lanka,2000,77
Africa,ZAF,South Africa,2017,301
South-East Asia,MMR,Myanmar,2016,21
South-East Asia,MMR,Myanmar,2015,37
South-East Asia,MMR,Myanmar,2014,92
South-East Asia,MMR,Myanmar,2013,236
South-East Asia,MMR,Myanmar,2012,403
South-East Asia,MMR,Myanmar,2011,581
South-East Asia,MMR,Myanmar,2010,788
South-East Asia,MMR,Myanmar,2009,972
South-East Asia,MMR,Myanmar,2008,1087
South-East Asia,MMR,Myanmar,2007,1261
South-East Asia,MMR,Myanmar,2006,1647
South-East Asia,MMR,Myanmar,2005,1707
South-East Asia,MMR,Myanmar,2004,1982
South-East Asia,MMR,Myanmar,2003,2476
South-East Asia,MMR,Myanmar,2002,2634
South-East Asia,MMR,Myanmar,2001,2814
South-East Asia,MMR,Myanmar,2000,2556
Western Pacific,KOR,South Korea,2017,3
South-East Asia,NPL,Nepal,2016,3
South-East Asia,NPL,Nepal,2015,0
South-East Asia,NPL,Nepal,2014,0
South-East Asia,NPL,Nepal,2013,0
South-East Asia,NPL,Nepal,2012,0
South-East Asia,NPL,Nepal,2011,2
South-East Asia,NPL,Nepal,2010,6
South-East Asia,NPL,Nepal,2009,8
South-East Asia,NPL,Nepal,2007,3
South-East Asia,NPL,Nepal,2006,42
South-East Asia,NPL,Nepal,2005,10
South-East Asia,NPL,Nepal,2004,7
South-East Asia,NPL,Nepal,2003,5
South-East Asia,NPL,Nepal,2002,3
South-East Asia,NPL,Nepal,2001,1
Africa,SSD,South Sudan,2017,3483
Europe,ESP,Spain,2017,
South-East Asia,PRK,Democratic People's Republic of Korea,2016,0
South-East Asia,PRK,Democratic People's Republic of Korea,2015,0
South-East Asia,PRK,Democratic People's Republic of Korea,2014,0
South-East Asia,PRK,Democratic People's Republic of Korea,2013,0
South-East Asia,PRK,Democratic People's Republic of Korea,2012,0
South-East Asia,PRK,Democratic People's Republic of Korea,2011,0
South-East Asia,PRK,Democratic People's Republic of Korea,2010,0
South-East Asia,PRK,Democratic People's Republic of Korea,2009,0
South-East Asia,PRK,Democratic People's Republic of Korea,2008,0
South-East Asia,PRK,Democratic People's Republic of Korea,2007,0
South-East Asia,LKA,Sri Lanka,2017,0
South-East Asia,THA,Thailand,2016,27
South-East Asia,THA,Thailand,2015,33
South-East Asia,THA,Thailand,2014,38
South-East Asia,THA,Thailand,2013,47
South-East Asia,THA,Thailand,2012,37
South-East Asia,THA,Thailand,2011,43
South-East Asia,THA,Thailand,2010,80
South-East Asia,THA,Thailand,2009,70
South-East Asia,THA,Thailand,2008,101
South-East Asia,THA,Thailand,2007,97
South-East Asia,THA,Thailand,2006,113
South-East Asia,THA,Thailand,2005,161
South-East Asia,THA,Thailand,2004,230
South-East Asia,THA,Thailand,2003,204
South-East Asia,THA,Thailand,2002,361
South-East Asia,THA,Thailand,2001,424
South-East Asia,THA,Thailand,2000,625
Eastern Mediterranean,SDN,Sudan,2017,1446
South-East Asia,TLS,Timor-Leste,2016,0
South-East Asia,TLS,Timor-Leste,2015,0
South-East Asia,TLS,Timor-Leste,2014,1
South-East Asia,TLS,Timor-Leste,2013,3
South-East Asia,TLS,Timor-Leste,2012,3
South-East Asia,TLS,Timor-Leste,2011,16
South-East Asia,TLS,Timor-Leste,2010,58
South-East Asia,TLS,Timor-Leste,2009,53
South-East Asia,TLS,Timor-Leste,2008,33
South-East Asia,TLS,Timor-Leste,2007,60
South-East Asia,TLS,Timor-Leste,2006,68
South-East Asia,TLS,Timor-Leste,2005,71
South-East Asia,TLS,Timor-Leste,2004,65
Americas,SUR,Suriname,2017,1
Europe,SWE,Sweden,2017,
Europe,CHE,Switzerland,2017,
Eastern Mediterranean,SYR,Syria,2017,
Asia,TWN,Taiwan,2017,
Europe,TJK,Tajikistan,2017,
Africa,TZA,Tanzania,2017,3685
South-East Asia,THA,Thailand,2017,11
Western Pacific,CHN,China,2016,15
Western Pacific,CHN,China,2015,20
Western Pacific,CHN,China,2014,0
Western Pacific,CHN,China,2013,0
Western Pacific,CHN,China,2012,0
Western Pacific,CHN,China,2011,33
Western Pacific,CHN,China,2010,19
Western Pacific,CHN,China,2009,10
Western Pacific,CHN,China,2008,23
Western Pacific,CHN,China,2007,18
Western Pacific,CHN,China,2006,37
Western Pacific,CHN,China,2005,48
Western Pacific,CHN,China,2004,31
Western Pacific,CHN,China,2003,52
Western Pacific,CHN,China,2002,42
Western Pacific,CHN,China,2001,27
Western Pacific,CHN,China,2000,31
South-East Asia,TLS,Timor,2017,0
Western Pacific,KHM,Cambodia,2016,3
Western Pacific,KHM,Cambodia,2015,10
Western Pacific,KHM,Cambodia,2014,18
Western Pacific,KHM,Cambodia,2013,12
Western Pacific,KHM,Cambodia,2012,45
Western Pacific,KHM,Cambodia,2011,94
Western Pacific,KHM,Cambodia,2010,151
Western Pacific,KHM,Cambodia,2009,279
Western Pacific,KHM,Cambodia,2008,209
Western Pacific,KHM,Cambodia,2007,241
Western Pacific,KHM,Cambodia,2006,396
Western Pacific,KHM,Cambodia,2005,296
Western Pacific,KHM,Cambodia,2004,382
Western Pacific,KHM,Cambodia,2003,492
Western Pacific,KHM,Cambodia,2002,457
Western Pacific,KHM,Cambodia,2001,476
Western Pacific,KHM,Cambodia,2000,608
Africa,TGO,Togo,2017,995
Western Pacific,KOR,Republic of Korea,2016,1
Western Pacific,KOR,Republic of Korea,2015,0
Western Pacific,KOR,Republic of Korea,2014,0
Western Pacific,KOR,Republic of Korea,2013,0
Western Pacific,KOR,Republic of Korea,2012,0
Western Pacific,KOR,Republic of Korea,2011,2
Western Pacific,KOR,Republic of Korea,2010,1
Western Pacific,KOR,Republic of Korea,2009,1
Western Pacific,KOR,Republic of Korea,2008,0
Western Pacific,KOR,Republic of Korea,2007,1
Western Pacific,KOR,Republic of Korea,2006,0
Western Pacific,KOR,Republic of Korea,2005,0
Western Pacific,KOR,Republic of Korea,2004,0
Western Pacific,KOR,Republic of Korea,2003,0
Western Pacific,KOR,Republic of Korea,2002,0
Western Pacific,KOR,Republic of Korea,2001,0
Western Pacific,KOR,Republic of Korea,2000,0
Oceania,TON,Tonga,2017,
North America,TTO,Trinidad and Tobago,2017,
Africa,TUN,Tunisia,2017,
Europe,TUR,Turkey,2017,
Europe,TKM,Turkmenistan,2017,
North America,TCA,Turks and Caicos Islands,2017,
Africa,UGA,Uganda,2017,5111
Western Pacific,LAO,Lao People's Democratic Republic,2016,1
Western Pacific,LAO,Lao People's Democratic Republic,2015,2
Western Pacific,LAO,Lao People's Democratic Republic,2014,4
Western Pacific,LAO,Lao People's Democratic Republic,2013,28
Western Pacific,LAO,Lao People's Democratic Republic,2012,44
Western Pacific,LAO,Lao People's Democratic Republic,2011,17
Western Pacific,LAO,Lao People's Democratic Republic,2010,24
Western Pacific,LAO,Lao People's Democratic Republic,2009,5
Western Pacific,LAO,Lao People's Democratic Republic,2008,11
Western Pacific,LAO,Lao People's Democratic Republic,2007,14
Western Pacific,LAO,Lao People's Democratic Republic,2006,21
Western Pacific,LAO,Lao People's Democratic Republic,2005,77
Western Pacific,LAO,Lao People's Democratic Republic,2004,105
Western Pacific,LAO,Lao People's Democratic Republic,2003,187
Western Pacific,LAO,Lao People's Democratic Republic,2002,195
Western Pacific,LAO,Lao People's Democratic Republic,2001,242
Western Pacific,LAO,Lao People's Democratic Republic,2000,350
Western Pacific,MYS,Malaysia,2016,2
Western Pacific,MYS,Malaysia,2015,4
Western Pacific,MYS,Malaysia,2014,4
Western Pacific,MYS,Malaysia,2013,10
Western Pacific,MYS,Malaysia,2012,12
Western Pacific,MYS,Malaysia,2011,12
Western Pacific,MYS,Malaysia,2010,13
Western Pacific,MYS,Malaysia,2009,23
Western Pacific,MYS,Malaysia,2008,20
Western Pacific,MYS,Malaysia,2007,15
Western Pacific,MYS,Malaysia,2006,21
Western Pacific,MYS,Malaysia,2005,33
Western Pacific,MYS,Malaysia,2004,35
Western Pacific,MYS,Malaysia,2003,21
Western Pacific,MYS,Malaysia,2002,38
Western Pacific,MYS,Malaysia,2001,46
Western Pacific,MYS,Malaysia,2000,35
Europe,UKR,Ukraine,2017,
Eastern Mediterranean,ARE,United Arab Emirates,2017,
Europe,GBR,United Kingdom,2017,
North America,USA,United States,2017,
South America,URY,Uruguay,2017,
Europe,UZB,Uzbekistan,2017,
Western Pacific,VUT,Vanuatu,2017,0
Western Pacific,PHL,Philippines,2016,7
Western Pacific,PHL,Philippines,2015,20
Western Pacific,PHL,Philippines,2014,10
Western Pacific,PHL,Philippines,2013,12
Western Pacific,PHL,Philippines,2012,16
Western Pacific,PHL,Philippines,2011,12
Western Pacific,PHL,Philippines,2010,30
Western Pacific,PHL,Philippines,2009,24
Western Pacific,PHL,Philippines,2008,56
Western Pacific,PHL,Philippines,2007,73
Western Pacific,PHL,Philippines,2006,124
Western Pacific,PHL,Philippines,2005,145
Western Pacific,PHL,Philippines,2004,167
Western Pacific,PHL,Philippines,2003,162
Western Pacific,PHL,Philippines,2002,71
Western Pacific,PHL,Philippines,2001,439
Western Pacific,PHL,Philippines,2000,536
Europe,VAT,Vatican,2017,
Americas,VEN,Venezuela,2017,
Western Pacific,VNM,Vietnam,2017,6
Western Pacific,PNG,Papua New Guinea,2016,306
Western Pacific,PNG,Papua New Guinea,2015,163
Western Pacific,PNG,Papua New Guinea,2014,203
Western Pacific,PNG,Papua New Guinea,2013,307
Western Pacific,PNG,Papua New Guinea,2012,381
Western Pacific,PNG,Papua New Guinea,2011,523
Western Pacific,PNG,Papua New Guinea,2010,616
Western Pacific,PNG,Papua New Guinea,2009,604
Western Pacific,PNG,Papua New Guinea,2008,628
Western Pacific,PNG,Papua New Guinea,2007,559
Western Pacific,PNG,Papua New Guinea,2006,668
Western Pacific,PNG,Papua New Guinea,2005,725
Western Pacific,PNG,Papua New Guinea,2004,619
Western Pacific,PNG,Papua New Guinea,2003,537
Western Pacific,PNG,Papua New Guinea,2002,647
Western Pacific,PNG,Papua New Guinea,2001,562
Western Pacific,PNG,Papua New Guinea,2000,617
Oceania,WLF,Wallis and Futuna,2017,
Eastern Mediterranean,YEM,Yemen,2017,37
Western Pacific,SLB,Solomon Islands,2016,20
Western Pacific,SLB,Solomon Islands,2015,13
Western Pacific,SLB,Solomon Islands,2014,23
Western Pacific,SLB,Solomon Islands,2013,18
Western Pacific,SLB,Solomon Islands,2012,18
Western Pacific,SLB,Solomon Islands,2011,19
Western Pacific,SLB,Solomon Islands,2010,34
Western Pacific,SLB,Solomon Islands,2009,53
Western Pacific,SLB,Solomon Islands,2008,21
Western Pacific,SLB,Solomon Islands,2007,15
Western Pacific,SLB,Solomon Islands,2006,12
Western Pacific,SLB,Solomon Islands,2005,38
Western Pacific,SLB,Solomon Islands,2004,51
Western Pacific,SLB,Solomon Islands,2003,71
Western Pacific,SLB,Solomon Islands,2002,61
Western Pacific,SLB,Solomon Islands,2001,55
Western Pacific,SLB,Solomon Islands,2000,38
Africa,ZMB,Zambia,2017,1425
Western Pacific,VNM,Viet Nam,2016,3
Western Pacific,VNM,Viet Nam,2015,3
Western Pacific,VNM,Viet Nam,2014,6
Western Pacific,VNM,Viet Nam,2013,6
Western Pacific,VNM,Viet Nam,2012,8
Western Pacific,VNM,Viet Nam,2011,14
Western Pacific,VNM,Viet Nam,2010,21
Western Pacific,VNM,Viet Nam,2009,26
Western Pacific,VNM,Viet Nam,2008,25
Western Pacific,VNM,Viet Nam,2007,20
Western Pacific,VNM,Viet Nam,2006,41
Western Pacific,VNM,Viet Nam,2005,18
Western Pacific,VNM,Viet Nam,2004,34
Western Pacific,VNM,Viet Nam,2003,50
Western Pacific,VNM,Viet Nam,2002,50
Western Pacific,VNM,Viet Nam,2001,91
Western Pacific,VNM,Viet Nam,2000,142
Africa,ZWE,Zimbabwe,2017,527
Western Pacific,VUT,Vanuatu,2016,0
Western Pacific,VUT,Vanuatu,2015,0
Western Pacific,VUT,Vanuatu,2014,0
Western Pacific,VUT,Vanuatu,2013,0
Western Pacific,VUT,Vanuatu,2012,0
Western Pacific,VUT,Vanuatu,2011,1
Western Pacific,VUT,Vanuatu,2010,1
Western Pacific,VUT,Vanuatu,2009,2
Western Pacific,VUT,Vanuatu,2008,4
Western Pacific,VUT,Vanuatu,2007,5
Western Pacific,VUT,Vanuatu,2006,1
Western Pacific,VUT,Vanuatu,2005,5
Western Pacific,VUT,Vanuatu,2004,3
Western Pacific,VUT,Vanuatu,2003,14
Western Pacific,VUT,Vanuatu,2002,13
Western Pacific,VUT,Vanuatu,2001,4
Western Pacific,VUT,Vanuatu,2000,3
