Case_ParentLocation,Case_SpatialDimValueCode,Location,Period,Case_Value
Eastern Mediterranean,AFG,Afghanistan,2017,161778
Eastern Mediterranean,AFG,Afghanistan,2016,139087
Eastern Mediterranean,AFG,Afghanistan,2015,86895
Eastern Mediterranean,AFG,Afghanistan,2014,61362
Eastern Mediterranean,AFG,Afghanistan,2013,39263
Eastern Mediterranean,AFG,Afghanistan,2012,54840
Eastern Mediterranean,AFG,Afghanistan,2011,77549
Eastern Mediterranean,AFG,Afghanistan,2010,69397
Eastern Mediterranean,AFG,Afghanistan,2009,64880
Eastern Mediterranean,AFG,Afghanistan,2008,81574
Eastern Mediterranean,AFG,Afghanistan,2007,92202
Eastern Mediterranean,AFG,Afghanistan,2006,86129
Eastern Mediterranean,AFG,Afghanistan,2005,116444
Eastern Mediterranean,AFG,Afghanistan,2004,242022
Eastern Mediterranean,AFG,Afghanistan,2003,360940
Eastern Mediterranean,AFG,Afghanistan,2002,415356
Eastern Mediterranean,AFG,Afghanistan,2001,50850
Eastern Mediterranean,AFG,Afghanistan,2000,94475
Europe,ALB,Albania,2017,
Africa,DZA,Algeria,2017,0
Africa,DZA,Algeria,2016,0
Africa,DZA,Algeria,2015,0
Africa,DZA,Algeria,2014,0
Africa,DZA,Algeria,2013,8
Africa,DZA,Algeria,2012,55
Africa,DZA,Algeria,2011,1
Africa,DZA,Algeria,2010,1
Africa,DZA,Algeria,2009,0
Africa,DZA,Algeria,2008,3
Africa,DZA,Algeria,2007,288
Africa,DZA,Algeria,2006,117
Africa,DZA,Algeria,2005,299
Africa,DZA,Algeria,2004,163
Africa,DZA,Algeria,2003,427
Africa,DZA,Algeria,2002,307
Africa,DZA,Algeria,2001,435
Africa,DZA,Algeria,2000,541
Europe,AND,Andorra,2017,
Africa,AGO,Angola,2017,3874892
Africa,AGO,Angola,2016,3794253
Africa,AGO,Angola,2015,2769305
Africa,AGO,Angola,2014,2298979
Africa,AGO,Angola,2013,1999868
Africa,AGO,Angola,2012,1496834
Africa,AGO,Angola,2011,1632282
Africa,AGO,Angola,2010,1682870
Africa,AGO,Angola,2009,1573422
Africa,AGO,Angola,2008,1377992
Africa,AGO,Angola,2007,1533485
Africa,AGO,Angola,2006,1082398
Africa,AGO,Angola,2005,889572
North America,AIA,Anguilla,2017,
North America,ATG,Antigua and Barbuda,2017,
Americas,ARG,Argentina,2017,0
Americas,ARG,Argentina,2016,0
Americas,ARG,Argentina,2015,0
Americas,ARG,Argentina,2014,0
Americas,ARG,Argentina,2013,0
Americas,ARG,Argentina,2012,0
Americas,ARG,Argentina,2011,0
Americas,ARG,Argentina,2010,14
Americas,ARG,Argentina,2009,86
Americas,ARG,Argentina,2008,130
Americas,ARG,Argentina,2007,387
Americas,ARG,Argentina,2006,212
Americas,ARG,Argentina,2005,252
Americas,ARG,Argentina,2004,115
Americas,ARG,Argentina,2003,122
Americas,ARG,Argentina,2002,125
Americas,ARG,Argentina,2001,215
Americas,ARG,Argentina,2000,440
Europe,ARM,Armenia,2017,0
Europe,ARM,Armenia,2016,0
Europe,ARM,Armenia,2015,0
Europe,ARM,Armenia,2014,0
Europe,ARM,Armenia,2013,0
Europe,ARM,Armenia,2012,0
Europe,ARM,Armenia,2011,0
Europe,ARM,Armenia,2010,0
Europe,ARM,Armenia,2009,0
Europe,ARM,Armenia,2008,0
Europe,ARM,Armenia,2007,0
Europe,ARM,Armenia,2006,0
Europe,ARM,Armenia,2005,7
Europe,ARM,Armenia,2004,47
Europe,ARM,Armenia,2003,29
Europe,ARM,Armenia,2002,52
Europe,ARM,Armenia,2001,79
Europe,ARM,Armenia,2000,141
North America,ABW,Aruba,2017,
Oceania,AUS,Australia,2017,
Europe,AUT,Austria,2017,
Europe,AZE,Azerbaijan,2017,0
Europe,AZE,Azerbaijan,2016,0
Europe,AZE,Azerbaijan,2015,0
Europe,AZE,Azerbaijan,2014,0
Europe,AZE,Azerbaijan,2013,0
Europe,AZE,Azerbaijan,2012,3
Europe,AZE,Azerbaijan,2011,4
Europe,AZE,Azerbaijan,2010,50
Europe,AZE,Azerbaijan,2009,78
Europe,AZE,Azerbaijan,2008,72
Europe,AZE,Azerbaijan,2007,108
Europe,AZE,Azerbaijan,2006,143
Europe,AZE,Azerbaijan,2005,242
Europe,AZE,Azerbaijan,2004,386
Europe,AZE,Azerbaijan,2003,482
Europe,AZE,Azerbaijan,2002,506
Europe,AZE,Azerbaijan,2001,1058
Europe,AZE,Azerbaijan,2000,1526
North America,BHS,Bahamas,2017,
Asia,BHR,Bahrain,2017,
South-East Asia,BGD,Bangladesh,2017,4893
South-East Asia,BGD,Bangladesh,2016,4787
South-East Asia,BGD,Bangladesh,2015,6608
South-East Asia,BGD,Bangladesh,2014,10216
South-East Asia,BGD,Bangladesh,2013,3864
South-East Asia,BGD,Bangladesh,2012,9901
South-East Asia,BGD,Bangladesh,2011,51773
South-East Asia,BGD,Bangladesh,2010,55873
South-East Asia,BGD,Bangladesh,2009,63873
South-East Asia,BGD,Bangladesh,2008,84690
South-East Asia,BGD,Bangladesh,2007,59866
South-East Asia,BGD,Bangladesh,2006,32857
South-East Asia,BGD,Bangladesh,2005,48121
South-East Asia,BGD,Bangladesh,2004,58894
South-East Asia,BGD,Bangladesh,2003,54654
South-East Asia,BGD,Bangladesh,2002,62269
South-East Asia,BGD,Bangladesh,2001,54216
South-East Asia,BGD,Bangladesh,2000,55599
North America,BRB,Barbados,2017,
Europe,BLR,Belarus,2017,
Europe,BEL,Belgium,2017,
Americas,BLZ,Belize,2017,7
Americas,BLZ,Belize,2016,4
Americas,BLZ,Belize,2015,9
Americas,BLZ,Belize,2014,19
Americas,BLZ,Belize,2013,20
Americas,BLZ,Belize,2012,33
Americas,BLZ,Belize,2011,72
Americas,BLZ,Belize,2010,150
Americas,BLZ,Belize,2009,256
Americas,BLZ,Belize,2008,540
Americas,BLZ,Belize,2007,845
Americas,BLZ,Belize,2006,844
Americas,BLZ,Belize,2005,1549
Americas,BLZ,Belize,2004,1066
Americas,BLZ,Belize,2003,1084
Americas,BLZ,Belize,2002,1134
Americas,BLZ,Belize,2001,1162
Americas,BLZ,Belize,2000,1486
Africa,BEN,Benin,2017,1573163
Africa,BEN,Benin,2016,1324576
Africa,BEN,Benin,2015,1268347
Africa,BEN,Benin,2014,1044235
Africa,BEN,Benin,2013,1078834
Africa,BEN,Benin,2012,705839
Africa,BEN,Benin,2011,422968
Africa,BEN,Benin,2009,889597
North America,BMU,Bermuda,2017,
South-East Asia,BTN,Bhutan,2017,24
South-East Asia,BTN,Bhutan,2016,15
South-East Asia,BTN,Bhutan,2015,34
South-East Asia,BTN,Bhutan,2014,19
South-East Asia,BTN,Bhutan,2013,15
South-East Asia,BTN,Bhutan,2011,194
South-East Asia,BTN,Bhutan,2010,436
South-East Asia,BTN,Bhutan,2009,972
South-East Asia,BTN,Bhutan,2008,329
South-East Asia,BTN,Bhutan,2007,793
South-East Asia,BTN,Bhutan,2006,1868
South-East Asia,BTN,Bhutan,2005,1825
South-East Asia,BTN,Bhutan,2004,2670
South-East Asia,BTN,Bhutan,2003,3806
South-East Asia,BTN,Bhutan,2002,6511
South-East Asia,BTN,Bhutan,2001,5982
South-East Asia,BTN,Bhutan,2000,5935
Americas,BOL,Bolivia,2017,4572
Americas,BOL,Bolivia,2016,5542
Americas,BOL,Bolivia,2015,6874
Americas,BOL,Bolivia,2014,7401
Americas,BOL,Bolivia,2013,7301
Americas,BOL,Bolivia,2012,7415
Americas,BOL,Bolivia,2011,7143
Americas,BOL,Bolivia,2010,13769
Americas,BOL,Bolivia,2009,9743
Americas,BOL,Bolivia,2008,9748
Americas,BOL,Bolivia,2007,14610
Americas,BOL,Bolivia,2006,19725
Americas,BOL,Bolivia,2005,21442
Americas,BOL,Bolivia,2004,14910
Americas,BOL,Bolivia,2003,20343
Americas,BOL,Bolivia,2002,14276
Americas,BOL,Bolivia,2001,15765
Americas,BOL,Bolivia,2000,31469
North America,BES,Bonaire Sint Eustatius and Saba,2017,
Europe,BIH,Bosnia and Herzegovina,,
Africa,BWA,Botswana,2017,1900
Africa,BWA,Botswana,2016,716
Africa,BWA,Botswana,2015,326
Africa,BWA,Botswana,2014,1346
Africa,BWA,Botswana,2013,456
Africa,BWA,Botswana,2012,193
Africa,BWA,Botswana,2011,432
Africa,BWA,Botswana,2010,1046
Africa,BWA,Botswana,2009,1024
Africa,BWA,Botswana,2008,927
Africa,BWA,Botswana,2007,390
Africa,BWA,Botswana,2006,2548
Africa,BWA,Botswana,2005,670
Africa,BWA,Botswana,2004,198
Africa,BWA,Botswana,2003,591
Africa,BWA,Botswana,2002,1640
Africa,BWA,Botswana,2001,3720
Africa,BWA,Botswana,2000,10510
Americas,BRA,Brazil,2017,189503
Americas,BRA,Brazil,2016,124178
Americas,BRA,Brazil,2015,138229
Americas,BRA,Brazil,2014,139272
Americas,BRA,Brazil,2013,168862
Americas,BRA,Brazil,2012,242758
Americas,BRA,Brazil,2011,267146
Americas,BRA,Brazil,2010,334483
Americas,BRA,Brazil,2009,309316
Americas,BRA,Brazil,2008,315746
Americas,BRA,Brazil,2007,458652
Americas,BRA,Brazil,2006,549469
Americas,BRA,Brazil,2005,606067
Americas,BRA,Brazil,2004,465004
Americas,BRA,Brazil,2003,408886
Americas,BRA,Brazil,2002,348259
Americas,BRA,Brazil,2001,388303
Americas,BRA,Brazil,2000,613241
North America,VGB,British Virgin Islands,2017,
Asia,BRN,Brunei,2017,
Europe,BGR,Bulgaria,2017,
Africa,BFA,Burkina Faso,2017,10225459
Africa,BFA,Burkina Faso,2016,9779154
Africa,BFA,Burkina Faso,2015,7015446
Africa,BFA,Burkina Faso,2014,5428655
Africa,BFA,Burkina Faso,2013,3769051
Africa,BFA,Burkina Faso,2012,3858046
Africa,BFA,Burkina Faso,2011,428113
Africa,BFA,Burkina Faso,2010,804539
Africa,BFA,Burkina Faso,2009,182527
Africa,BFA,Burkina Faso,2008,36514
Africa,BFA,Burkina Faso,2007,44246
Africa,BFA,Burkina Faso,2006,44265
Africa,BFA,Burkina Faso,2005,21335
Africa,BFA,Burkina Faso,2004,18256
Africa,BDI,Burundi,2017,7670177
Africa,BDI,Burundi,2016,8274062
Africa,BDI,Burundi,2015,5159706
Africa,BDI,Burundi,2014,4585273
Africa,BDI,Burundi,2013,4141387
Africa,BDI,Burundi,2012,2151076
Africa,BDI,Burundi,2011,1571874
Africa,BDI,Burundi,2010,1763447
Africa,BDI,Burundi,2009,1185622
Africa,BDI,Burundi,2008,876741
Africa,BDI,Burundi,2007,1101644
Africa,BDI,Burundi,2006,791731
Africa,BDI,Burundi,2005,327464
Africa,BDI,Burundi,2004,363395
Africa,BDI,Burundi,2003,353459
Africa,BDI,Burundi,2002,327138
Africa,BDI,Burundi,2001,312015
Africa,BDI,Burundi,2000,308095
Western Pacific,KHM,Cambodia,2017,36932
Africa,CMR,Cameroon,2017,1191257
Africa,CPV,Cape Verde,2016,48
Africa,CPV,Cape Verde,2015,7
Africa,CPV,Cape Verde,2014,26
Africa,CPV,Cape Verde,2013,22
Africa,CPV,Cape Verde,2012,1
Africa,CPV,Cape Verde,2011,7
Africa,CPV,Cape Verde,2010,47
Africa,CPV,Cape Verde,2009,65
Africa,CPV,Cape Verde,2008,35
Africa,CPV,Cape Verde,2007,18
Africa,CPV,Cape Verde,2006,80
Africa,CPV,Cape Verde,2005,68
Africa,CPV,Cape Verde,2004,45
Africa,CPV,Cape Verde,2003,68
Africa,CPV,Cape Verde,2002,76
Africa,CPV,Cape Verde,2001,107
Africa,CPV,Cape Verde,2000,144
North America,CAN,Canada,2017,
Western Pacific,KHM,Cambodia,2016,23492
Western Pacific,KHM,Cambodia,2015,33930
Western Pacific,KHM,Cambodia,2014,25152
Western Pacific,KHM,Cambodia,2013,21309
Western Pacific,KHM,Cambodia,2012,40476
Western Pacific,KHM,Cambodia,2011,57423
Western Pacific,KHM,Cambodia,2010,49356
Western Pacific,KHM,Cambodia,2009,64595
Western Pacific,KHM,Cambodia,2008,42124
Western Pacific,KHM,Cambodia,2007,42518
Western Pacific,KHM,Cambodia,2006,78696
Western Pacific,KHM,Cambodia,2005,49436
Western Pacific,KHM,Cambodia,2004,59745
Western Pacific,KHM,Cambodia,2003,71265
Western Pacific,KHM,Cambodia,2002,46902
Western Pacific,KHM,Cambodia,2001,53601
Western Pacific,KHM,Cambodia,2000,62442
Africa,CPV,Cape Verde,2017,423
Africa,CMR,Cameroon,2016,1675264
Africa,CMR,Cameroon,2015,1162784
Africa,CMR,Cameroon,2013,26651
Africa,CMR,Cameroon,2011,15212
North America,CYM,Cayman Islands,2017,
Africa,CAF,Central African Republic,2017,383309
Africa,CAF,Central African Republic,2016,1032764
Africa,CAF,Central African Republic,2015,598833
Africa,CAF,Central African Republic,2014,295088
Africa,CAF,Central African Republic,2013,116300
Africa,CAF,Central African Republic,2012,46759
Africa,CAF,Central African Republic,2005,45973
Africa,CAF,Central African Republic,2004,46869
Africa,CAF,Central African Republic,2003,37896
Africa,CAF,Central African Republic,2002,43093
Africa,CAF,Central African Republic,2001,39164
Africa,CAF,Central African Republic,2000,33411
Africa,TCD,Chad,2017,1962372
Africa,TCD,Chad,2016,1294768
Africa,TCD,Chad,2015,787046
Africa,TCD,Chad,2014,914032
Africa,TCD,Chad,2013,754565
Africa,TCD,Chad,2012,7710
Africa,TCD,Chad,2011,181126
Africa,TCD,Chad,2010,200448
Africa,TCD,Chad,2008,47757
Africa,TCD,Chad,2007,48288
Africa,TCD,Chad,2006,45155
Africa,TCD,Chad,2005,31668
Africa,TCD,Chad,2004,1360
Africa,TCD,Chad,2003,45195
Africa,TCD,Chad,2002,43933
Africa,TCD,Chad,2001,38287
Africa,TCD,Chad,2000,40078
South America,CHL,Chile,2017,
Western Pacific,CHN,China,2017,0
Western Pacific,CHN,China,2016,3
Western Pacific,CHN,China,2015,39
Western Pacific,CHN,China,2014,56
Western Pacific,CHN,China,2013,86
Western Pacific,CHN,China,2012,244
Western Pacific,CHN,China,2011,3367
Western Pacific,CHN,China,2010,4990
Western Pacific,CHN,China,2009,9287
Western Pacific,CHN,China,2008,16650
Western Pacific,CHN,China,2007,29304
Western Pacific,CHN,China,2006,35383
Western Pacific,CHN,China,2005,21936
Western Pacific,CHN,China,2004,27197
Western Pacific,CHN,China,2003,28491
Western Pacific,CHN,China,2002,25520
Western Pacific,CHN,China,2001,21237
Western Pacific,CHN,China,2000,8025
Americas,COL,Colombia,2017,52805
Americas,COL,Colombia,2016,82609
Americas,COL,Colombia,2015,47616
Americas,COL,Colombia,2014,40768
Americas,COL,Colombia,2013,51696
Americas,COL,Colombia,2012,60179
Americas,COL,Colombia,2011,60105
Americas,COL,Colombia,2010,117589
Americas,COL,Colombia,2009,79347
Americas,COL,Colombia,2008,80559
Americas,COL,Colombia,2007,128462
Americas,COL,Colombia,2006,120096
Americas,COL,Colombia,2005,121629
Americas,COL,Colombia,2004,142241
Americas,COL,Colombia,2003,180956
Americas,COL,Colombia,2002,204916
Americas,COL,Colombia,2001,231233
Americas,COL,Colombia,2000,144432
Africa,COM,Comoros,2017,2274
Africa,COM,Comoros,2016,1066
Africa,COM,Comoros,2015,1300
Africa,COM,Comoros,2014,2203
Africa,COM,Comoros,2013,53156
Africa,COM,Comoros,2012,49840
Africa,COM,Comoros,2011,24856
Africa,COM,Comoros,2010,36538
Africa,COM,Comoros,2009,5982
Africa,COM,Comoros,2006,20559
Africa,COM,Comoros,2005,6086
Africa,COM,Comoros,2004,12874
Africa,COM,Comoros,2003,867398
Africa,COM,Comoros,2002,1104310
Africa,COM,Comoros,2001,879032
Africa,COM,Comoros,2000,801784
Africa,COG,Congo,2017,127939
Africa,COG,Congo,2016,171847
Africa,COG,Congo,2015,51529
Africa,COG,Congo,2014,66323
Africa,COG,Congo,2013,43232
Africa,COG,Congo,2012,120319
Africa,COG,Congo,2011,37744
Africa,COG,Congo,2009,92855
Africa,COG,Congo,2008,117291
Africa,COG,Congo,2007,103213
Africa,COG,Congo,2005,67
Africa,COG,Congo,2004,293
Africa,COG,Congo,2003,1633
Africa,COG,Congo,2002,7677
Africa,COG,Congo,2001,11981
Africa,COG,Congo,2000,15751
Oceania,COK,Cook Islands,2017,
Americas,CRI,Costa Rica,2017,12
Americas,CRI,Costa Rica,2016,4
Americas,CRI,Costa Rica,2015,0
Americas,CRI,Costa Rica,2014,0
Americas,CRI,Costa Rica,2013,0
Americas,CRI,Costa Rica,2012,6
Americas,CRI,Costa Rica,2011,10
Americas,CRI,Costa Rica,2010,110
Americas,CRI,Costa Rica,2009,262
Americas,CRI,Costa Rica,2008,966
Americas,CRI,Costa Rica,2007,1223
Americas,CRI,Costa Rica,2006,2903
Americas,CRI,Costa Rica,2005,3541
Americas,CRI,Costa Rica,2004,1289
Americas,CRI,Costa Rica,2003,718
Americas,CRI,Costa Rica,2002,1021
Americas,CRI,Costa Rica,2001,1363
Americas,CRI,Costa Rica,2000,1879
Africa,CIV,Cote d'Ivoire,2017,3274683
Africa,CIV,Cote d'Ivoire,2016,3471024
Africa,CIV,Cote d'Ivoire,2015,3375904
Africa,CIV,Cote d'Ivoire,2014,3712831
Africa,CIV,Cote d'Ivoire,2013,2506953
Africa,CIV,Cote d'Ivoire,2012,1140627
Africa,CIV,Cote d'Ivoire,2011,29976
Africa,CIV,Cote d'Ivoire,2010,62726
Africa,CIV,Cote d'Ivoire,2009,7388
Africa,CIV,Cote d'Ivoire,2008,3527
Africa,CIV,Cote d'Ivoire,2005,67
Africa,CIV,Cote d'Ivoire,2004,293
Africa,CIV,Cote d'Ivoire,2003,1585
Africa,CIV,Cote d'Ivoire,2002,7628
Africa,CIV,Cote d'Ivoire,2001,11936
Africa,CIV,Cote d'Ivoire,2000,15705
Europe,HRV,Croatia,2017,
North America,CUB,Cuba,2017,
North America,CUW,Curacao,2017,
Europe,CYP,Cyprus,2017,
Europe,CZE,Czechia,2017,
South-East Asia,PRK,Democratic People's Republic of Korea,2017,4575
South-East Asia,PRK,Democratic People's Republic of Korea,2016,2719
South-East Asia,PRK,Democratic People's Republic of Korea,2015,773
South-East Asia,PRK,Democratic People's Republic of Korea,2014,10535
South-East Asia,PRK,Democratic People's Republic of Korea,2013,14407
South-East Asia,PRK,Democratic People's Republic of Korea,2012,21850
South-East Asia,PRK,Democratic People's Republic of Korea,2011,16760
South-East Asia,PRK,Democratic People's Republic of Korea,2010,13520
South-East Asia,PRK,Democratic People's Republic of Korea,2009,14632
South-East Asia,PRK,Democratic People's Republic of Korea,2008,16611
South-East Asia,PRK,Democratic People's Republic of Korea,2007,4345
South-East Asia,PRK,Democratic People's Republic of Korea,2006,12983
South-East Asia,PRK,Democratic People's Republic of Korea,2005,11315
South-East Asia,PRK,Democratic People's Republic of Korea,2004,27090
South-East Asia,PRK,Democratic People's Republic of Korea,2003,16538
South-East Asia,PRK,Democratic People's Republic of Korea,2002,16578
South-East Asia,PRK,Democratic People's Republic of Korea,2001,143674
South-East Asia,PRK,Democratic People's Republic of Korea,2000,90582
Africa,COD,Democratic Republic of Congo,2017,15176927
Africa,COD,Democratic Republic of Congo,2016,15330841
Africa,COD,Democratic Republic of Congo,2015,11627473
Africa,COD,Democratic Republic of Congo,2014,9968983
Africa,COD,Democratic Republic of Congo,2013,6715223
Africa,COD,Democratic Republic of Congo,2012,4791598
Africa,COD,Democratic Republic of Congo,2011,4561981
Africa,COD,Democratic Republic of Congo,2010,2417780
Africa,COD,Democratic Republic of Congo,2009,1878705
Africa,COD,Democratic Republic of Congo,2008,1618218
Africa,COD,Democratic Republic of Congo,2007,740858
Africa,COD,Democratic Republic of Congo,2006,2050
Africa,COD,Democratic Republic of Congo,2005,2971
Africa,COD,Democratic Republic of Congo,2004,2684
Africa,COD,Democratic Republic of Congo,2003,2438
Africa,COD,Democratic Republic of Congo,2002,1735
Africa,COD,Democratic Republic of Congo,2001,1531
Africa,COD,Democratic Republic of Congo,2000,897
Europe,DNK,Denmark,2017,
Eastern Mediterranean,DJI,Djibouti,2017,14671
Eastern Mediterranean,DJI,Djibouti,2016,13804
Eastern Mediterranean,DJI,Djibouti,2015,9473
Eastern Mediterranean,DJI,Djibouti,2014,9439
Eastern Mediterranean,DJI,Djibouti,2013,1684
Eastern Mediterranean,DJI,Djibouti,2012,25
Eastern Mediterranean,DJI,Djibouti,2010,1010
Eastern Mediterranean,DJI,Djibouti,2009,2686
Eastern Mediterranean,DJI,Djibouti,2008,119
Eastern Mediterranean,DJI,Djibouti,2007,210
Eastern Mediterranean,DJI,Djibouti,2006,1796
Eastern Mediterranean,DJI,Djibouti,2005,413
Eastern Mediterranean,DJI,Djibouti,2004,122
Eastern Mediterranean,DJI,Djibouti,2003,5036
North America,DMA,Dominica,2017,
Americas,DOM,Dominican Republic,2017,341
Americas,DOM,Dominican Republic,2016,690
Americas,DOM,Dominican Republic,2015,631
Americas,DOM,Dominican Republic,2014,459
Americas,DOM,Dominican Republic,2013,579
Americas,DOM,Dominican Republic,2012,952
Americas,DOM,Dominican Republic,2011,1616
Americas,DOM,Dominican Republic,2010,3414
Americas,DOM,Dominican Republic,2009,1643
Americas,DOM,Dominican Republic,2008,1840
Americas,DOM,Dominican Republic,2007,2711
Americas,DOM,Dominican Republic,2006,3525
Americas,DOM,Dominican Republic,2005,3837
Americas,DOM,Dominican Republic,2004,2355
Americas,DOM,Dominican Republic,2003,1529
Americas,DOM,Dominican Republic,2002,1296
Americas,DOM,Dominican Republic,2001,1038
Americas,DOM,Dominican Republic,2000,1233
Americas,ECU,Ecuador,2017,1275
Americas,ECU,Ecuador,2016,1191
Americas,ECU,Ecuador,2015,618
Americas,ECU,Ecuador,2014,242
Americas,ECU,Ecuador,2013,368
Americas,ECU,Ecuador,2012,544
Americas,ECU,Ecuador,2011,1219
Americas,ECU,Ecuador,2010,1888
Americas,ECU,Ecuador,2009,4120
Americas,ECU,Ecuador,2008,4891
Americas,ECU,Ecuador,2007,8464
Americas,ECU,Ecuador,2006,9863
Americas,ECU,Ecuador,2005,17050
Americas,ECU,Ecuador,2004,28730
Americas,ECU,Ecuador,2003,52065
Americas,ECU,Ecuador,2002,86757
Americas,ECU,Ecuador,2001,108903
Americas,ECU,Ecuador,2000,104528
Eastern Mediterranean,EGY,Egypt,2017,
Eastern Mediterranean,EGY,Egypt,2016,0
Eastern Mediterranean,EGY,Egypt,2015,0
Eastern Mediterranean,EGY,Egypt,2014,22
Eastern Mediterranean,EGY,Egypt,2013,0
Eastern Mediterranean,EGY,Egypt,2012,0
Eastern Mediterranean,EGY,Egypt,2011,0
Eastern Mediterranean,EGY,Egypt,2010,0
Eastern Mediterranean,EGY,Egypt,2009,0
Eastern Mediterranean,EGY,Egypt,2008,0
Eastern Mediterranean,EGY,Egypt,2007,0
Eastern Mediterranean,EGY,Egypt,2006,0
Eastern Mediterranean,EGY,Egypt,2005,0
Eastern Mediterranean,EGY,Egypt,2004,0
Eastern Mediterranean,EGY,Egypt,2003,0
Eastern Mediterranean,EGY,Egypt,2002,0
Eastern Mediterranean,EGY,Egypt,2001,0
Eastern Mediterranean,EGY,Egypt,2000,0
Americas,SLV,El Salvador,2017,
Americas,SLV,El Salvador,2016,12
Americas,SLV,El Salvador,2015,2
Americas,SLV,El Salvador,2014,6
Americas,SLV,El Salvador,2013,6
Americas,SLV,El Salvador,2012,13
Americas,SLV,El Salvador,2011,9
Americas,SLV,El Salvador,2010,19
Americas,SLV,El Salvador,2009,20
Americas,SLV,El Salvador,2008,33
Americas,SLV,El Salvador,2007,40
Americas,SLV,El Salvador,2006,49
Americas,SLV,El Salvador,2005,67
Americas,SLV,El Salvador,2004,112
Americas,SLV,El Salvador,2003,85
Americas,SLV,El Salvador,2002,117
Americas,SLV,El Salvador,2001,362
Americas,SLV,El Salvador,2000,753
Africa,GNQ,Equatorial Guinea,2017,15725
Africa,GNQ,Equatorial Guinea,2016,147714
Africa,GNQ,Equatorial Guinea,2015,15142
Africa,GNQ,Equatorial Guinea,2014,20417
Africa,GNQ,Equatorial Guinea,2013,13129
Africa,GNQ,Equatorial Guinea,2012,15169
Africa,GNQ,Equatorial Guinea,2011,22466
Africa,GNQ,Equatorial Guinea,2010,53813
Africa,GNQ,Equatorial Guinea,2009,14184
Africa,GNQ,Equatorial Guinea,2008,9503
Africa,GNQ,Equatorial Guinea,2007,6287
Africa,ERI,Eritrea,2017,31486
Africa,ERI,Eritrea,2016,24251
Africa,ERI,Eritrea,2015,19372
Africa,ERI,Eritrea,2014,30768
Africa,ERI,Eritrea,2013,21317
Africa,ERI,Eritrea,2012,21815
Africa,ERI,Eritrea,2011,34848
Africa,ERI,Eritrea,2010,35982
Africa,ERI,Eritrea,2009,11759
Africa,ERI,Eritrea,2008,8764
Africa,ERI,Eritrea,2007,15565
Africa,ERI,Eritrea,2006,6541
Africa,ERI,Eritrea,2005,9073
Africa,ERI,Eritrea,2004,4119
Africa,ERI,Eritrea,2003,10346
Africa,ERI,Eritrea,2002,6078
Africa,ERI,Eritrea,2001,9716
Europe,EST,Estonia,2017,
Africa,SWZ,Eswatini,2017,724
Africa,SWZ,Eswatini,2016,350
Africa,SWZ,Eswatini,2015,157
Africa,SWZ,Eswatini,2014,711
Africa,SWZ,Eswatini,2013,962
Africa,SWZ,Eswatini,2012,562
Africa,SWZ,Eswatini,2011,549
Africa,SWZ,Eswatini,2010,268
Africa,SWZ,Eswatini,2009,106
Africa,SWZ,Eswatini,2008,58
Africa,SWZ,Eswatini,2007,84
Africa,SWZ,Eswatini,2006,155
Africa,SWZ,Eswatini,2005,279
Africa,SWZ,Eswatini,2004,574
Africa,SWZ,Eswatini,2003,342
Africa,SWZ,Eswatini,2002,670
Africa,SWZ,Eswatini,2001,1395
Africa,ETH,Ethiopia,2017,1530739
Africa,ETH,Ethiopia,2016,1718504
Africa,ETH,Ethiopia,2015,1867059
Africa,ETH,Ethiopia,2014,2118815
Africa,ETH,Ethiopia,2013,2645454
Africa,ETH,Ethiopia,2012,1692578
Africa,ETH,Ethiopia,2011,1480306
Africa,ETH,Ethiopia,2010,1158197
Africa,ETH,Ethiopia,2009,1036316
Africa,ETH,Ethiopia,2008,458561
Africa,ETH,Ethiopia,2007,451816
Africa,ETH,Ethiopia,2006,447780
Africa,ETH,Ethiopia,2005,538942
Africa,ETH,Ethiopia,2004,578904
Africa,ETH,Ethiopia,2003,463797
Africa,ETH,Ethiopia,2002,427795
Africa,ETH,Ethiopia,2001,392377
Europe,FRO,Faeroe Islands,2017,
South America,FLK,Falkland Islands,2017,
Oceania,FJI,Fiji,2017,
Europe,FIN,Finland,2017,
Europe,FRA,France,2017,
Oceania,PYF,French Polynesia,2017,
Africa,GAB,Gabon,2017,35244
Africa,GAB,Gabon,2016,23915
Africa,GAB,Gabon,2015,23867
Africa,GAB,Gabon,2014,31900
Africa,GAB,Gabon,2013,28982
Africa,GAB,Gabon,2012,19753
Africa,GAB,Gabon,2010,13936
Africa,GAB,Gabon,2009,660
Africa,GAB,Gabon,2008,40701
Africa,GAB,Gabon,2007,45186
Africa,GAB,Gabon,2006,33458
Africa,GAB,Gabon,2005,70644
Africa,GAB,Gabon,2004,70075
Africa,GAB,Gabon,2003,58212
Africa,GAB,Gabon,2002,62976
Africa,GAB,Gabon,2001,53167
Africa,GAB,Gabon,2000,50810
Africa,GMB,Gambia,2017,69931
Africa,GMB,Gambia,2016,153774
Africa,GMB,Gambia,2015,240382
Africa,GMB,Gambia,2014,166229
Africa,GMB,Gambia,2013,240792
Africa,GMB,Gambia,2012,300363
Africa,GMB,Gambia,2011,261967
Africa,GMB,Gambia,2010,116353
Africa,GMB,Gambia,2009,50378
Africa,GMB,Gambia,2008,39164
Europe,GEO,Georgia,2017,0
Europe,GEO,Georgia,2016,0
Europe,GEO,Georgia,2015,0
Europe,GEO,Georgia,2014,0
Europe,GEO,Georgia,2013,0
Europe,GEO,Georgia,2012,0
Europe,GEO,Georgia,2011,0
Europe,GEO,Georgia,2010,0
Europe,GEO,Georgia,2009,1
Europe,GEO,Georgia,2008,6
Europe,GEO,Georgia,2007,24
Europe,GEO,Georgia,2006,59
Europe,GEO,Georgia,2005,155
Europe,GEO,Georgia,2004,257
Europe,GEO,Georgia,2003,316
Europe,GEO,Georgia,2002,474
Europe,GEO,Georgia,2001,438
Europe,GEO,Georgia,2000,245
Europe,DEU,Germany,2017,
Africa,GHA,Ghana,2017,4348694
Africa,GHA,Ghana,2016,4535167
Africa,GHA,Ghana,2015,4319919
Africa,GHA,Ghana,2014,3415912
Africa,GHA,Ghana,2013,1639451
Africa,GHA,Ghana,2012,3755166
Africa,GHA,Ghana,2011,1041260
Africa,GHA,Ghana,2010,1071637
Africa,GHA,Ghana,2009,1104370
Africa,GHA,Ghana,2008,1094483
Africa,GHA,Ghana,2007,476484
Africa,GHA,Ghana,2006,472255
Africa,GHA,Ghana,2005,655093
Africa,GHA,Ghana,2004,475441
Europe,GIB,Gibraltar,2017,
Europe,GRC,Greece,2017,
North America,GRL,Greenland,2017,
North America,GRD,Grenada,2017,
Americas,GTM,Guatemala,2017,3743
Americas,GTM,Guatemala,2016,4853
Americas,GTM,Guatemala,2015,6836
Americas,GTM,Guatemala,2014,5685
Americas,GTM,Guatemala,2013,6214
Americas,GTM,Guatemala,2012,5346
Americas,GTM,Guatemala,2011,6817
Americas,GTM,Guatemala,2010,7384
Americas,GTM,Guatemala,2009,7080
Americas,GTM,Guatemala,2008,7198
Americas,GTM,Guatemala,2007,15382
Americas,GTM,Guatemala,2006,31093
Americas,GTM,Guatemala,2005,39571
Americas,GTM,Guatemala,2004,28955
Americas,GTM,Guatemala,2003,31127
Americas,GTM,Guatemala,2002,35540
Americas,GTM,Guatemala,2001,35824
Americas,GTM,Guatemala,2000,53311
Africa,GIN,Guinea,2017,1335323
Africa,GIN,Guinea,2016,992146
Africa,GIN,Guinea,2015,810979
Africa,GIN,Guinea,2014,660207
Africa,GIN,Guinea,2013,211257
Africa,GIN,Guinea,2012,317200
Africa,GIN,Guinea,2011,95574
Africa,GIN,Guinea,2010,20936
Africa,GIN,Guinea,2009,35841
Africa,GIN,Guinea,2008,33405
Africa,GIN,Guinea,2007,44518
Africa,GIN,Guinea,2006,54227
Africa,GIN,Guinea,2005,50452
Africa,GIN,Guinea,2004,103069
Africa,GIN,Guinea,2003,107925
Africa,GIN,Guinea,2002,16561
Africa,GIN,Guinea,2001,6238
Africa,GIN,Guinea,2000,4800
Africa,GNB,Guinea-Bissau,2017,89784
Africa,GNB,Guinea-Bissau,2016,150903
Africa,GNB,Guinea-Bissau,2015,142309
Africa,GNB,Guinea-Bissau,2014,93431
Africa,GNB,Guinea-Bissau,2013,54584
Africa,GNB,Guinea-Bissau,2012,50381
Africa,GNB,Guinea-Bissau,2011,71982
Africa,GNB,Guinea-Bissau,2010,50391
Africa,GNB,Guinea-Bissau,2009,11757
Africa,GNB,Guinea-Bissau,2008,11299
Africa,GNB,Guinea-Bissau,2007,14284
Africa,GNB,Guinea-Bissau,2006,15120
Africa,GNB,Guinea-Bissau,2005,14659
Americas,GUY,Guyana,2017,13936
Americas,GUY,Guyana,2016,12367
Americas,GUY,Guyana,2015,9984
Americas,GUY,Guyana,2014,12354
Americas,GUY,Guyana,2013,31479
Americas,GUY,Guyana,2012,31656
Americas,GUY,Guyana,2011,29506
Americas,GUY,Guyana,2010,22935
Americas,GUY,Guyana,2009,13673
Americas,GUY,Guyana,2008,11815
Americas,GUY,Guyana,2007,11656
Americas,GUY,Guyana,2006,21064
Americas,GUY,Guyana,2005,38984
Americas,GUY,Guyana,2004,28866
Americas,GUY,Guyana,2003,27627
Americas,GUY,Guyana,2002,21895
Americas,GUY,Guyana,2001,27122
Americas,GUY,Guyana,2000,24018
Americas,HTI,Haiti,2017,19135
Americas,HTI,Haiti,2016,21430
Americas,HTI,Haiti,2015,17583
Americas,HTI,Haiti,2014,17696
Americas,HTI,Haiti,2013,20957
Americas,HTI,Haiti,2012,25423
Americas,HTI,Haiti,2011,34350
Americas,HTI,Haiti,2010,84153
Americas,HTI,Haiti,2009,49535
Americas,HTI,Haiti,2008,36774
Americas,HTI,Haiti,2007,29825
Americas,HTI,Haiti,2006,32739
Americas,HTI,Haiti,2005,21778
Americas,HTI,Haiti,2004,10802
Americas,HTI,Haiti,2001,9837
Americas,HTI,Haiti,2000,16897
Americas,HND,Honduras,2017,1277
Americas,HND,Honduras,2016,4094
Americas,HND,Honduras,2015,3575
Americas,HND,Honduras,2014,3378
Americas,HND,Honduras,2013,5428
Americas,HND,Honduras,2012,6437
Americas,HND,Honduras,2011,7510
Americas,HND,Honduras,2010,9744
Americas,HND,Honduras,2009,9313
Americas,HND,Honduras,2008,8368
Americas,HND,Honduras,2007,10512
Americas,HND,Honduras,2006,11947
Americas,HND,Honduras,2005,15943
Americas,HND,Honduras,2004,17134
Americas,HND,Honduras,2003,14063
Americas,HND,Honduras,2002,17223
Americas,HND,Honduras,2001,24149
Americas,HND,Honduras,2000,35125
Asia,HKG,Hong Kong,2017,
Europe,HUN,Hungary,2017,
Europe,ISL,Iceland,2017,
South-East Asia,IND,India,2017,844558
South-East Asia,IND,India,2016,1087285
South-East Asia,IND,India,2015,1169261
South-East Asia,IND,India,2014,1102205
South-East Asia,IND,India,2013,881730
South-East Asia,IND,India,2012,1067824
South-East Asia,IND,India,2011,1310656
South-East Asia,IND,India,2010,1599986
South-East Asia,IND,India,2009,1563574
South-East Asia,IND,India,2008,1532497
South-East Asia,IND,India,2007,1508927
South-East Asia,IND,India,2006,1785109
South-East Asia,IND,India,2005,1816569
South-East Asia,IND,India,2004,1915363
South-East Asia,IND,India,2003,1869403
South-East Asia,IND,India,2002,1841227
South-East Asia,IND,India,2001,2085484
South-East Asia,IND,India,2000,2031790
South-East Asia,IDN,Indonesia,2017,261617
South-East Asia,IDN,Indonesia,2016,218450
South-East Asia,IDN,Indonesia,2015,217025
South-East Asia,IDN,Indonesia,2014,252027
South-East Asia,IDN,Indonesia,2013,343527
South-East Asia,IDN,Indonesia,2012,417819
South-East Asia,IDN,Indonesia,2011,422447
South-East Asia,IDN,Indonesia,2010,465764
South-East Asia,IDN,Indonesia,2009,272491
South-East Asia,IDN,Indonesia,2008,349231
South-East Asia,IDN,Indonesia,2007,311789
South-East Asia,IDN,Indonesia,2006,347597
South-East Asia,IDN,Indonesia,2005,437323
South-East Asia,IDN,Indonesia,2004,304936
South-East Asia,IDN,Indonesia,2003,223074
South-East Asia,IDN,Indonesia,2002,273793
South-East Asia,IDN,Indonesia,2001,267592
South-East Asia,IDN,Indonesia,2000,245612
Eastern Mediterranean,IRN,Iran,2017,57
Eastern Mediterranean,IRN,Iran,2016,81
Eastern Mediterranean,IRN,Iran,2015,167
Eastern Mediterranean,IRN,Iran,2014,358
Eastern Mediterranean,IRN,Iran,2013,479
Eastern Mediterranean,IRN,Iran,2012,756
Eastern Mediterranean,IRN,Iran,2011,1632
Eastern Mediterranean,IRN,Iran,2010,1847
Eastern Mediterranean,IRN,Iran,2009,4345
Eastern Mediterranean,IRN,Iran,2008,8349
Eastern Mediterranean,IRN,Iran,2007,15712
Eastern Mediterranean,IRN,Iran,2006,15909
Eastern Mediterranean,IRN,Iran,2005,18966
Eastern Mediterranean,IRN,Iran,2004,13821
Eastern Mediterranean,IRN,Iran,2003,23562
Eastern Mediterranean,IRN,Iran,2002,15558
Eastern Mediterranean,IRN,Iran,2001,19303
Eastern Mediterranean,IRN,Iran,2000,19716
Eastern Mediterranean,IRQ,Iraq,2017,0
Eastern Mediterranean,IRQ,Iraq,2016,0
Eastern Mediterranean,IRQ,Iraq,2015,0
Eastern Mediterranean,IRQ,Iraq,2014,0
Eastern Mediterranean,IRQ,Iraq,2013,0
Eastern Mediterranean,IRQ,Iraq,2012,0
Eastern Mediterranean,IRQ,Iraq,2011,0
Eastern Mediterranean,IRQ,Iraq,2010,0
Eastern Mediterranean,IRQ,Iraq,2009,0
Eastern Mediterranean,IRQ,Iraq,2008,2
Eastern Mediterranean,IRQ,Iraq,2007,3
Eastern Mediterranean,IRQ,Iraq,2006,24
Eastern Mediterranean,IRQ,Iraq,2005,47
Eastern Mediterranean,IRQ,Iraq,2004,155
Eastern Mediterranean,IRQ,Iraq,2003,347
Eastern Mediterranean,IRQ,Iraq,2002,952
Eastern Mediterranean,IRQ,Iraq,2001,1265
Eastern Mediterranean,IRQ,Iraq,2000,1860
Europe,IRL,Ireland,2017,
Europe,IMN,Isle of Man,2017,
Asia,ISR,Israel,2017,
Europe,ITA,Italy,2017,
North America,JAM,Jamaica,2017,
Asia,JPN,Japan,2017,
Asia,JOR,Jordan,2017,
Europe,KAZ,Kazakhstan,2017,0
Europe,KAZ,Kazakhstan,2016,0
Europe,KAZ,Kazakhstan,2015,0
Africa,KEN,Kenya,2017,3215116
Africa,KEN,Kenya,2016,2783846
Africa,KEN,Kenya,2015,1499027
Africa,KEN,Kenya,2014,2808931
Africa,KEN,Kenya,2013,2335286
Africa,KEN,Kenya,2012,1453471
Africa,KEN,Kenya,2011,1002805
Africa,KEN,Kenya,2010,898531
Africa,KEN,Kenya,2008,839903
Africa,KEN,Kenya,2004,28328
Africa,KEN,Kenya,2003,39383
Africa,KEN,Kenya,2002,20049
Oceania,KIR,Kiribati,2017,
Europe,KOS,Kosovo,2017,
Asia,KWT,Kuwait,2017,
Europe,KGZ,Kyrgyzstan,2017,
Europe,KGZ,Kyrgyzstan,2016,0
Europe,KGZ,Kyrgyzstan,2015,0
Europe,KGZ,Kyrgyzstan,2014,0
Europe,KGZ,Kyrgyzstan,2013,0
Europe,KGZ,Kyrgyzstan,2012,0
Europe,KGZ,Kyrgyzstan,2011,0
Europe,KGZ,Kyrgyzstan,2010,3
Europe,KGZ,Kyrgyzstan,2009,4
Europe,KGZ,Kyrgyzstan,2008,18
Europe,KGZ,Kyrgyzstan,2007,96
Europe,KGZ,Kyrgyzstan,2006,317
Europe,KGZ,Kyrgyzstan,2005,226
Europe,KGZ,Kyrgyzstan,2004,93
Europe,KGZ,Kyrgyzstan,2003,468
Europe,KGZ,Kyrgyzstan,2002,2743
Europe,KGZ,Kyrgyzstan,2001,28
Europe,KGZ,Kyrgyzstan,2000,12
Western Pacific,LAO,Laos,2017,9333
Western Pacific,LAO,Laos,2016,11223
Western Pacific,LAO,Laos,2015,36056
Western Pacific,LAO,Laos,2014,48071
Western Pacific,LAO,Laos,2013,38131
Western Pacific,LAO,Laos,2012,46202
Western Pacific,LAO,Laos,2011,17532
Western Pacific,LAO,Laos,2010,20800
Western Pacific,LAO,Laos,2009,14674
Western Pacific,LAO,Laos,2008,19347
Western Pacific,LAO,Laos,2007,17458
Western Pacific,LAO,Laos,2006,18382
Western Pacific,LAO,Laos,2005,13615
Western Pacific,LAO,Laos,2004,16183
Western Pacific,LAO,Laos,2003,18894
Western Pacific,LAO,Laos,2002,21420
Western Pacific,LAO,Laos,2001,27076
Western Pacific,LAO,Laos,2000,40106
Africa,LBR,Liberia,2016,1191137
Africa,LBR,Liberia,2015,931086
Africa,LBR,Liberia,2014,864204
Africa,LBR,Liberia,2013,1244220
Africa,LBR,Liberia,2012,1407455
Africa,LBR,Liberia,2011,1915762
Africa,LBR,Liberia,2010,922173
Africa,LBR,Liberia,2009,839581
Africa,LBR,Liberia,2008,606952
Africa,LBR,Liberia,2007,492272
Africa,LBR,Liberia,2006,761415
Africa,LBR,Liberia,2005,44875
Europe,LVA,Latvia,2017,
Asia,LBN,Lebanon,2017,
Africa,LSO,Lesotho,2017,
Africa,LBR,Liberia,2017,
Africa,LBY,Libya,2017,
Europe,LIE,Liechtenstein,2017,
Europe,LTU,Lithuania,2017,
Europe,LUX,Luxembourg,2017,
Asia,MAC,Macao,2017,
Africa,MDG,Madagascar,2017,800661
Africa,MDG,Madagascar,2016,475333
Africa,MDG,Madagascar,2015,744103
Africa,MDG,Madagascar,2014,377963
Africa,MDG,Madagascar,2013,385598
Africa,MDG,Madagascar,2012,359420
Africa,MDG,Madagascar,2011,224498
Africa,MDG,Madagascar,2010,202450
Africa,MDG,Madagascar,2009,215110
Africa,MDG,Madagascar,2008,93234
Africa,MDG,Madagascar,2007,48497
Africa,MDG,Madagascar,2006,5689
Africa,MDG,Madagascar,2005,6753
Africa,MDG,Madagascar,2004,7638
Africa,MDG,Madagascar,2003,6909
Africa,MDG,Madagascar,2002,5272
Africa,MDG,Madagascar,2001,8538
Africa,MDG,Madagascar,2000,6946
Africa,MWI,Malawi,2017,4901344
Africa,MWI,Malawi,2016,4827373
Africa,MWI,Malawi,2015,3661238
Africa,MWI,Malawi,2014,2905310
Africa,MWI,Malawi,2013,1280892
Africa,MWI,Malawi,2012,1564984
Africa,MWI,Malawi,2011,304499
Western Pacific,MYS,Malaysia,2017,85
Western Pacific,MYS,Malaysia,2016,266
Western Pacific,MYS,Malaysia,2015,242
Western Pacific,MYS,Malaysia,2014,3147
Western Pacific,MYS,Malaysia,2013,2921
Western Pacific,MYS,Malaysia,2012,3662
Western Pacific,MYS,Malaysia,2011,3954
Western Pacific,MYS,Malaysia,2010,5194
Western Pacific,MYS,Malaysia,2009,5955
Western Pacific,MYS,Malaysia,2008,6071
Western Pacific,MYS,Malaysia,2007,4048
Western Pacific,MYS,Malaysia,2006,5294
Western Pacific,MYS,Malaysia,2005,5569
Western Pacific,MYS,Malaysia,2004,6154
Western Pacific,MYS,Malaysia,2003,6338
Western Pacific,MYS,Malaysia,2002,11019
Western Pacific,MYS,Malaysia,2001,12780
Western Pacific,MYS,Malaysia,2000,12705
Asia,MDV,Maldives,2017,
Africa,MLI,Mali,2017,1918376
Africa,MLI,Mali,2016,2156282
Africa,MLI,Mali,2015,2295611
Africa,MLI,Mali,2014,2039853
Africa,MLI,Mali,2013,1367218
Africa,MLI,Mali,2012,886482
Africa,MLI,Mali,2011,307035
Africa,MLI,Mali,2010,227482
Europe,MLT,Malta,2017,
Oceania,MHL,Marshall Islands,2017,
Africa,MRT,Mauritania,2017,20105
Africa,MRT,Mauritania,2016,23042
Africa,MRT,Mauritania,2015,22631
Africa,MRT,Mauritania,2014,15835
Africa,MRT,Mauritania,2013,13085
Africa,MRT,Mauritania,2012,9037
Africa,MRT,Mauritania,2011,5991
Africa,MRT,Mauritania,2010,6367
Africa,MRT,Mauritania,2009,940
Africa,MRT,Mauritania,2008,302
Africa,MRT,Mauritania,2006,1061
Africa,MUS,Mauritius,2017,0
Americas,MEX,Mexico,2017,736
Americas,MEX,Mexico,2016,551
Americas,MEX,Mexico,2015,517
Americas,MEX,Mexico,2014,656
Americas,MEX,Mexico,2013,495
Americas,MEX,Mexico,2012,833
Americas,MEX,Mexico,2011,1124
Americas,MEX,Mexico,2010,1226
Americas,MEX,Mexico,2009,2703
Americas,MEX,Mexico,2008,2357
Americas,MEX,Mexico,2007,2361
Americas,MEX,Mexico,2006,2514
Americas,MEX,Mexico,2005,2967
Americas,MEX,Mexico,2004,3406
Americas,MEX,Mexico,2003,3819
Americas,MEX,Mexico,2002,4624
Americas,MEX,Mexico,2001,4996
Americas,MEX,Mexico,2000,7390
Oceania,FSM,Micronesia (country),2017,
Europe,MDA,Moldova,2017,
Europe,MCO,Monaco,2017,
Asia,MNG,Mongolia,2017,
Europe,MNE,Montenegro,2017,
North America,MSR,Montserrat,2017,
Eastern Mediterranean,MAR,Morocco,2017,0
Eastern Mediterranean,MAR,Morocco,2016,0
Eastern Mediterranean,MAR,Morocco,2015,0
Eastern Mediterranean,MAR,Morocco,2014,0
Eastern Mediterranean,MAR,Morocco,2013,0
Eastern Mediterranean,MAR,Morocco,2012,0
Eastern Mediterranean,MAR,Morocco,2011,0
Eastern Mediterranean,MAR,Morocco,2010,3
Eastern Mediterranean,MAR,Morocco,2009,0
Eastern Mediterranean,MAR,Morocco,2008,0
Eastern Mediterranean,MAR,Morocco,2007,0
Eastern Mediterranean,MAR,Morocco,2006,0
Eastern Mediterranean,MAR,Morocco,2005,0
Eastern Mediterranean,MAR,Morocco,2004,1
Eastern Mediterranean,MAR,Morocco,2003,4
Eastern Mediterranean,MAR,Morocco,2002,19
Eastern Mediterranean,MAR,Morocco,2001,0
Eastern Mediterranean,MAR,Morocco,2000,3
Africa,MOZ,Mozambique,2017,8921081
Africa,MOZ,Mozambique,2016,8520376
Africa,MOZ,Mozambique,2015,7718782
Africa,MOZ,Mozambique,2014,7117648
Africa,MOZ,Mozambique,2013,2998874
Africa,MOZ,Mozambique,2012,1813984
Africa,MOZ,Mozambique,2011,1756874
Africa,MOZ,Mozambique,2010,1522577
Africa,MOZ,Mozambique,2009,93874
Africa,MOZ,Mozambique,2008,120259
Africa,MOZ,Mozambique,2007,141663
South-East Asia,MMR,Myanmar,2017,19619
South-East Asia,MMR,Myanmar,2016,110146
South-East Asia,MMR,Myanmar,2015,182768
South-East Asia,MMR,Myanmar,2014,205658
South-East Asia,MMR,Myanmar,2013,333871
South-East Asia,MMR,Myanmar,2012,480586
South-East Asia,MMR,Myanmar,2011,465294
South-East Asia,MMR,Myanmar,2010,420808
South-East Asia,MMR,Myanmar,2009,436068
South-East Asia,MMR,Myanmar,2008,447073
South-East Asia,MMR,Myanmar,2007,373958
South-East Asia,MMR,Myanmar,2006,203071
South-East Asia,MMR,Myanmar,2005,165737
South-East Asia,MMR,Myanmar,2004,152070
South-East Asia,MMR,Myanmar,2003,177530
South-East Asia,MMR,Myanmar,2002,173096
South-East Asia,MMR,Myanmar,2001,170502
South-East Asia,MMR,Myanmar,2000,120083
Africa,NAM,Namibia,2017,54268
Africa,NAM,Namibia,2016,25198
Africa,NAM,Namibia,2015,12168
Africa,NAM,Namibia,2014,15914
Africa,NAM,Namibia,2013,4911
Africa,NAM,Namibia,2012,194
Africa,NAM,Namibia,2011,1860
Africa,NAM,Namibia,2010,556
Africa,NAM,Namibia,2009,505
Africa,NAM,Namibia,2008,1092
Africa,NAM,Namibia,2007,4242
Africa,NAM,Namibia,2006,27690
Africa,NAM,Namibia,2005,23339
Africa,NAM,Namibia,2004,36043
Africa,NAM,Namibia,2003,20295
Africa,NAM,Namibia,2002,23984
Africa,NAM,Namibia,2001,41636
South-East Asia,NPL,Nepal,2017,623
South-East Asia,NPL,Nepal,2016,507
South-East Asia,NPL,Nepal,2015,591
South-East Asia,NPL,Nepal,2014,832
South-East Asia,NPL,Nepal,2013,1974
South-East Asia,NPL,Nepal,2012,2092
South-East Asia,NPL,Nepal,2011,3414
South-East Asia,NPL,Nepal,2010,3894
South-East Asia,NPL,Nepal,2009,3335
South-East Asia,NPL,Nepal,2008,3888
South-East Asia,NPL,Nepal,2007,5621
South-East Asia,NPL,Nepal,2006,4969
South-East Asia,NPL,Nepal,2005,5050
South-East Asia,NPL,Nepal,2004,4895
South-East Asia,NPL,Nepal,2003,9506
South-East Asia,NPL,Nepal,2002,12750
South-East Asia,NPL,Nepal,2001,6396
South-East Asia,NPL,Nepal,2000,7981
Europe,NLD,Netherlands,2017,
Oceania,NCL,New Caledonia,2017,
Oceania,NZL,New Zealand,2017,
Americas,NIC,Nicaragua,2017,10949
Americas,NIC,Nicaragua,2016,6272
Americas,NIC,Nicaragua,2015,2279
Americas,NIC,Nicaragua,2014,1142
Americas,NIC,Nicaragua,2013,1162
Americas,NIC,Nicaragua,2012,1235
Americas,NIC,Nicaragua,2011,925
Americas,NIC,Nicaragua,2010,692
Americas,NIC,Nicaragua,2009,610
Americas,NIC,Nicaragua,2008,762
Americas,NIC,Nicaragua,2007,1356
Americas,NIC,Nicaragua,2006,3114
Americas,NIC,Nicaragua,2005,6642
Americas,NIC,Nicaragua,2004,6897
Americas,NIC,Nicaragua,2003,6717
Americas,NIC,Nicaragua,2002,7695
Americas,NIC,Nicaragua,2001,10482
Americas,NIC,Nicaragua,2000,23878
Africa,NER,Niger,2017,2638580
Africa,NER,Niger,2016,4148167
Africa,NER,Niger,2015,2272000
Africa,NER,Niger,2014,1953309
Africa,NER,Niger,2013,2353422
Africa,NER,Niger,2012,2239858
Africa,NER,Niger,2011,780876
Africa,NER,Niger,2010,620058
Africa,NER,Niger,2009,309675
Africa,NER,Niger,2008,496858
Africa,NER,Niger,2007,249027
Africa,NER,Niger,2006,3956
Africa,NER,Niger,2005,56043
Africa,NER,Niger,2004,76030
Africa,NER,Niger,2003,56460
Africa,NGA,Nigeria,2017,11571958
Africa,NGA,Nigeria,2016,9234387
Africa,NGA,Nigeria,2015,6850782
Africa,NGA,Nigeria,2014,7826954
Africa,NGA,Nigeria,2010,551187
Africa,NGA,Nigeria,2009,479845
Africa,NGA,Nigeria,2008,143079
Europe,MKD,North Macedonia,2017,
Europe,NOR,Norway,2017,
Eastern Mediterranean,OMN,Oman,2017,0
Eastern Mediterranean,OMN,Oman,2016,0
Eastern Mediterranean,OMN,Oman,2015,0
Eastern Mediterranean,OMN,Oman,2014,0
Eastern Mediterranean,OMN,Oman,2013,0
Eastern Mediterranean,OMN,Oman,2012,0
Eastern Mediterranean,OMN,Oman,2011,0
Eastern Mediterranean,OMN,Oman,2010,7
Eastern Mediterranean,OMN,Oman,2009,0
Eastern Mediterranean,OMN,Oman,2008,8
Eastern Mediterranean,OMN,Oman,2007,4
Eastern Mediterranean,OMN,Oman,2006,0
Eastern Mediterranean,OMN,Oman,2005,0
Eastern Mediterranean,OMN,Oman,2004,0
Eastern Mediterranean,OMN,Oman,2003,6
Eastern Mediterranean,OMN,Oman,2002,6
Eastern Mediterranean,OMN,Oman,2001,2
Eastern Mediterranean,OMN,Oman,2000,6
Eastern Mediterranean,PAK,Pakistan,2017,350467
Eastern Mediterranean,PAK,Pakistan,2016,318449
Eastern Mediterranean,PAK,Pakistan,2015,202013
Eastern Mediterranean,PAK,Pakistan,2014,275149
Eastern Mediterranean,PAK,Pakistan,2013,281755
Eastern Mediterranean,PAK,Pakistan,2012,290781
Eastern Mediterranean,PAK,Pakistan,2011,334589
Eastern Mediterranean,PAK,Pakistan,2010,240591
Eastern Mediterranean,PAK,Pakistan,2009,167579
Eastern Mediterranean,PAK,Pakistan,2008,104454
Eastern Mediterranean,PAK,Pakistan,2007,128570
Eastern Mediterranean,PAK,Pakistan,2006,124910
Eastern Mediterranean,PAK,Pakistan,2005,127826
Eastern Mediterranean,PAK,Pakistan,2004,126719
Eastern Mediterranean,PAK,Pakistan,2003,125152
Eastern Mediterranean,PAK,Pakistan,2002,107666
Eastern Mediterranean,PAK,Pakistan,2001,125292
Eastern Mediterranean,PAK,Pakistan,2000,82526
Oceania,PLW,Palau,2017,
Asia,PSE,Palestine,2017,
Americas,PAN,Panama,2017,649
Americas,PAN,Panama,2016,769
Americas,PAN,Panama,2015,546
Americas,PAN,Panama,2014,864
Americas,PAN,Panama,2013,705
Americas,PAN,Panama,2012,844
Americas,PAN,Panama,2011,354
Americas,PAN,Panama,2010,418
Americas,PAN,Panama,2009,778
Americas,PAN,Panama,2008,744
Americas,PAN,Panama,2007,1281
Americas,PAN,Panama,2006,1663
Americas,PAN,Panama,2005,3667
Americas,PAN,Panama,2004,5095
Americas,PAN,Panama,2003,4500
Americas,PAN,Panama,2002,2244
Americas,PAN,Panama,2001,928
Americas,PAN,Panama,2000,1036
Western Pacific,PNG,Papua New Guinea,2017,478340
Western Pacific,PNG,Papua New Guinea,2016,478497
Western Pacific,PNG,Papua New Guinea,2015,297787
Western Pacific,PNG,Papua New Guinea,2014,281182
Western Pacific,PNG,Papua New Guinea,2013,279994
Western Pacific,PNG,Papua New Guinea,2012,150195
Western Pacific,PNG,Papua New Guinea,2011,84060
Western Pacific,PNG,Papua New Guinea,2010,93956
Western Pacific,PNG,Papua New Guinea,2009,77758
Western Pacific,PNG,Papua New Guinea,2008,84452
Western Pacific,PNG,Papua New Guinea,2007,86955
Western Pacific,PNG,Papua New Guinea,2006,93938
Western Pacific,PNG,Papua New Guinea,2005,92957
Western Pacific,PNG,Papua New Guinea,2004,91055
Western Pacific,PNG,Papua New Guinea,2003,72620
Western Pacific,PNG,Papua New Guinea,2002,75748
Western Pacific,PNG,Papua New Guinea,2001,94484
Western Pacific,PNG,Papua New Guinea,2000,79839
Americas,PRY,Paraguay,2017,0
Americas,PRY,Paraguay,2016,0
Americas,PRY,Paraguay,2015,0
Americas,PRY,Paraguay,2014,0
Americas,PRY,Paraguay,2013,0
Americas,PRY,Paraguay,2012,0
Americas,PRY,Paraguay,2011,1
Americas,PRY,Paraguay,2010,18
Americas,PRY,Paraguay,2009,91
Americas,PRY,Paraguay,2008,348
Americas,PRY,Paraguay,2007,1341
Americas,PRY,Paraguay,2006,823
Americas,PRY,Paraguay,2005,376
Americas,PRY,Paraguay,2004,694
Americas,PRY,Paraguay,2003,1392
Americas,PRY,Paraguay,2002,2778
Americas,PRY,Paraguay,2001,2710
Americas,PRY,Paraguay,2000,6853
Americas,PER,Peru,2017,55367
Americas,PER,Peru,2016,56623
Americas,PER,Peru,2015,61865
Americas,PER,Peru,2014,65252
Americas,PER,Peru,2013,48719
Americas,PER,Peru,2012,31436
Americas,PER,Peru,2011,25039
Americas,PER,Peru,2010,31546
Americas,PER,Peru,2009,42645
Americas,PER,Peru,2008,44522
Americas,PER,Peru,2007,50797
Americas,PER,Peru,2006,64925
Americas,PER,Peru,2005,87699
Americas,PER,Peru,2004,93581
Americas,PER,Peru,2003,88408
Americas,PER,Peru,2002,99237
Americas,PER,Peru,2001,78544
Americas,PER,Peru,2000,68321
Western Pacific,PHL,Philippines,2017,3950
Western Pacific,PHL,Philippines,2016,6680
Western Pacific,PHL,Philippines,2015,8266
Western Pacific,PHL,Philippines,2014,4903
Western Pacific,PHL,Philippines,2013,6514
Western Pacific,PHL,Philippines,2012,7133
Western Pacific,PHL,Philippines,2011,9552
Western Pacific,PHL,Philippines,2010,18560
Western Pacific,PHL,Philippines,2009,19316
Western Pacific,PHL,Philippines,2008,23655
Western Pacific,PHL,Philippines,2007,36235
Western Pacific,PHL,Philippines,2006,35405
Western Pacific,PHL,Philippines,2005,46342
Western Pacific,PHL,Philippines,2004,50850
Western Pacific,PHL,Philippines,2003,48441
Western Pacific,PHL,Philippines,2002,37005
Western Pacific,PHL,Philippines,2001,34787
Western Pacific,PHL,Philippines,2000,36596
Europe,POL,Poland,2017,
Europe,PRT,Portugal,2017,
Asia,QAT,Qatar,2017,
Europe,ROU,Romania,2017,
Europe,RUS,Russia,2017,
Africa,RWA,Rwanda,2017,1876123
Africa,SHN,Saint Helena,2017,
North America,KNA,Saint Kitts and Nevis,2017,
North America,LCA,Saint Lucia,2017,
North America,SPM,Saint Pierre and Miquelon,2017,
North America,VCT,Saint Vincent and the Grenadines,2017,
Oceania,WSM,Samoa,2017,
Europe,SMR,San Marino,2017,
Western Pacific,KOR,South Korea,2016,602
Western Pacific,KOR,South Korea,2015,627
Western Pacific,KOR,South Korea,2014,557
Western Pacific,KOR,South Korea,2013,383
Western Pacific,KOR,South Korea,2012,394
Western Pacific,KOR,South Korea,2011,505
Western Pacific,KOR,South Korea,2010,1267
Western Pacific,KOR,South Korea,2009,898
Western Pacific,KOR,South Korea,2008,1052
Western Pacific,KOR,South Korea,2007,2227
Western Pacific,KOR,South Korea,2006,2051
Western Pacific,KOR,South Korea,2005,1369
Western Pacific,KOR,South Korea,2004,864
Western Pacific,KOR,South Korea,2003,1171
Western Pacific,KOR,South Korea,2002,1799
Western Pacific,KOR,South Korea,2001,2556
Western Pacific,KOR,South Korea,2000,4183
Africa,STP,Sao Tome and Principe,2017,2239
Africa,RWA,Rwanda,2016,3380568
Africa,RWA,Rwanda,2015,2505794
Africa,RWA,Rwanda,2014,1610812
Africa,RWA,Rwanda,2013,962618
Africa,RWA,Rwanda,2012,483470
Africa,RWA,Rwanda,2011,208858
Africa,RWA,Rwanda,2010,638669
Africa,RWA,Rwanda,2009,698745
Africa,RWA,Rwanda,2008,316242
Africa,RWA,Rwanda,2007,382686
Africa,RWA,Rwanda,2006,573686
Africa,RWA,Rwanda,2005,683769
Africa,RWA,Rwanda,2004,589315
Africa,RWA,Rwanda,2003,553150
Africa,RWA,Rwanda,2002,506028
Africa,RWA,Rwanda,2001,423493
Eastern Mediterranean,SAU,Saudi Arabia,2017,177
Africa,STP,Sao Tome and Principe,2016,2238
Africa,STP,Sao Tome and Principe,2015,2058
Africa,STP,Sao Tome and Principe,2014,1754
Africa,STP,Sao Tome and Principe,2013,9243
Africa,STP,Sao Tome and Principe,2012,12550
Africa,STP,Sao Tome and Principe,2011,8442
Africa,STP,Sao Tome and Principe,2010,2740
Africa,STP,Sao Tome and Principe,2009,6182
Africa,STP,Sao Tome and Principe,2008,6258
Africa,STP,Sao Tome and Principe,2007,2421
Africa,STP,Sao Tome and Principe,2006,5146
Africa,STP,Sao Tome and Principe,2005,18139
Africa,STP,Sao Tome and Principe,2004,46486
Africa,STP,Sao Tome and Principe,2003,42656
Africa,STP,Sao Tome and Principe,2002,50586
Africa,STP,Sao Tome and Principe,2001,42086
Africa,STP,Sao Tome and Principe,2000,31975
Africa,SEN,Senegal,2017,395706
Eastern Mediterranean,SAU,Saudi Arabia,2016,272
Eastern Mediterranean,SAU,Saudi Arabia,2015,83
Eastern Mediterranean,SAU,Saudi Arabia,2014,30
Eastern Mediterranean,SAU,Saudi Arabia,2013,34
Eastern Mediterranean,SAU,Saudi Arabia,2012,82
Eastern Mediterranean,SAU,Saudi Arabia,2011,69
Eastern Mediterranean,SAU,Saudi Arabia,2010,29
Eastern Mediterranean,SAU,Saudi Arabia,2009,58
Eastern Mediterranean,SAU,Saudi Arabia,2008,61
Eastern Mediterranean,SAU,Saudi Arabia,2007,467
Eastern Mediterranean,SAU,Saudi Arabia,2006,1278
Eastern Mediterranean,SAU,Saudi Arabia,2005,1059
Eastern Mediterranean,SAU,Saudi Arabia,2004,1232
Eastern Mediterranean,SAU,Saudi Arabia,2003,1724
Eastern Mediterranean,SAU,Saudi Arabia,2002,2612
Eastern Mediterranean,SAU,Saudi Arabia,2001,3074
Eastern Mediterranean,SAU,Saudi Arabia,2000,6608
Europe,SRB,Serbia,2017,
Africa,SYC,Seychelles,2017,
Africa,SLE,Sierra Leone,2017,1651236
Africa,SEN,Senegal,2016,349540
Africa,SEN,Senegal,2015,492253
Africa,SEN,Senegal,2014,268912
Africa,SEN,Senegal,2013,366687
Africa,SEN,Senegal,2012,280241
Africa,SEN,Senegal,2011,274119
Africa,SEN,Senegal,2010,330331
Africa,SEN,Senegal,2009,165933
Africa,SEN,Senegal,2008,241926
Africa,SEN,Senegal,2007,118332
Africa,SEN,Senegal,2006,48070
Africa,SEN,Senegal,2005,33160
Africa,SEN,Senegal,2004,22234
Africa,SEN,Senegal,2003,26865
Africa,SEN,Senegal,2002,14425
Africa,SEN,Senegal,2001,12920
Africa,SEN,Senegal,2000,44959
Asia,SGP,Singapore,2017,
Europe,SVK,Slovakia,2017,
Europe,SVN,Slovenia,2017,
Western Pacific,SLB,Solomon Islands,2017,52463
Africa,SLE,Sierra Leone,2016,1775306
Africa,SLE,Sierra Leone,2015,1483376
Africa,SLE,Sierra Leone,2014,1374476
Africa,SLE,Sierra Leone,2013,1701958
Africa,SLE,Sierra Leone,2012,1537322
Africa,SLE,Sierra Leone,2011,638859
Africa,SLE,Sierra Leone,2010,934028
Africa,SLE,Sierra Leone,2009,646808
Africa,SLE,Sierra Leone,2008,154459
Africa,SLE,Sierra Leone,2006,4932
Africa,SLE,Sierra Leone,2005,4808
Africa,SLE,Sierra Leone,2004,2206
Africa,SLE,Sierra Leone,2003,3945
Africa,SLE,Sierra Leone,2002,3702
Africa,SLE,Sierra Leone,2001,2206
Eastern Mediterranean,SOM,Somalia,2017,35138
Western Pacific,SLB,Solomon Islands,2016,54431
Western Pacific,SLB,Solomon Islands,2015,23998
Western Pacific,SLB,Solomon Islands,2014,18404
Western Pacific,SLB,Solomon Islands,2013,25609
Western Pacific,SLB,Solomon Islands,2012,24383
Western Pacific,SLB,Solomon Islands,2011,26657
Western Pacific,SLB,Solomon Islands,2010,39704
Western Pacific,SLB,Solomon Islands,2009,33002
Western Pacific,SLB,Solomon Islands,2008,40535
Western Pacific,SLB,Solomon Islands,2007,65404
Western Pacific,SLB,Solomon Islands,2006,75337
Western Pacific,SLB,Solomon Islands,2005,76390
Western Pacific,SLB,Solomon Islands,2004,90297
Western Pacific,SLB,Solomon Islands,2003,92227
Western Pacific,SLB,Solomon Islands,2002,74936
Western Pacific,SLB,Solomon Islands,2001,76493
Western Pacific,SLB,Solomon Islands,2000,68107
Africa,ZAF,South Africa,2017,22061
Eastern Mediterranean,SOM,Somalia,2016,35628
Eastern Mediterranean,SOM,Somalia,2015,20953
Eastern Mediterranean,SOM,Somalia,2014,11001
Eastern Mediterranean,SOM,Somalia,2013,8944
Eastern Mediterranean,SOM,Somalia,2012,35712
Eastern Mediterranean,SOM,Somalia,2011,3351
Eastern Mediterranean,SOM,Somalia,2010,24553
Eastern Mediterranean,SOM,Somalia,2009,25202
Eastern Mediterranean,SOM,Somalia,2008,36905
Eastern Mediterranean,SOM,Somalia,2007,16675
Eastern Mediterranean,SOM,Somalia,2006,16430
Eastern Mediterranean,SOM,Somalia,2005,12516
Eastern Mediterranean,SOM,Somalia,2004,11436
Eastern Mediterranean,SOM,Somalia,2003,7571
Eastern Mediterranean,SOM,Somalia,2002,15732
Western Pacific,KOR,South Korea,2017,436
Africa,ZAF,South Africa,2016,4323
Africa,ZAF,South Africa,2015,555
Africa,ZAF,South Africa,2014,11705
Africa,ZAF,South Africa,2013,8645
Africa,ZAF,South Africa,2012,5629
Africa,ZAF,South Africa,2011,9866
Africa,ZAF,South Africa,2010,8060
Africa,ZAF,South Africa,2009,6072
Africa,ZAF,South Africa,2008,7796
Africa,ZAF,South Africa,2007,6327
Africa,ZAF,South Africa,2006,12098
Africa,ZAF,South Africa,2005,7755
Africa,ZAF,South Africa,2004,13399
Africa,ZAF,South Africa,2003,13459
Africa,ZAF,South Africa,2002,15649
Africa,ZAF,South Africa,2001,26506
Africa,SSD,South Sudan,2017,1488005
Africa,SSD,South Sudan,2016,0
Africa,SSD,South Sudan,2015,0
Africa,SSD,South Sudan,2014,71377
Africa,SSD,South Sudan,2013,262520
Africa,SSD,South Sudan,2012,225371
Africa,SSD,South Sudan,2011,112024
Africa,SSD,South Sudan,2010,900283
Africa,SSD,South Sudan,2008,52011
Europe,ESP,Spain,2017,
South-East Asia,LKA,Sri Lanka,2017,0
South-East Asia,LKA,Sri Lanka,2016,0
South-East Asia,LKA,Sri Lanka,2015,0
South-East Asia,LKA,Sri Lanka,2014,0
South-East Asia,LKA,Sri Lanka,2013,0
South-East Asia,LKA,Sri Lanka,2012,23
South-East Asia,LKA,Sri Lanka,2011,124
South-East Asia,LKA,Sri Lanka,2010,684
South-East Asia,LKA,Sri Lanka,2009,531
South-East Asia,LKA,Sri Lanka,2008,649
South-East Asia,LKA,Sri Lanka,2007,198
South-East Asia,LKA,Sri Lanka,2006,591
South-East Asia,LKA,Sri Lanka,2005,1640
South-East Asia,LKA,Sri Lanka,2004,3720
South-East Asia,LKA,Sri Lanka,2003,10510
South-East Asia,LKA,Sri Lanka,2002,41411
South-East Asia,LKA,Sri Lanka,2001,66522
South-East Asia,LKA,Sri Lanka,2000,210039
Eastern Mediterranean,SDN,Sudan,2017,720879
Eastern Mediterranean,SDN,Sudan,2016,575015
Eastern Mediterranean,SDN,Sudan,2015,586827
Eastern Mediterranean,SDN,Sudan,2014,1068506
Eastern Mediterranean,SDN,Sudan,2013,592383
Eastern Mediterranean,SDN,Sudan,2012,526931
Eastern Mediterranean,SDN,Sudan,2011,506806
Eastern Mediterranean,SDN,Sudan,2010,720557
Eastern Mediterranean,SDN,Sudan,2009,711462
Eastern Mediterranean,SDN,Sudan,2008,569296
Eastern Mediterranean,SDN,Sudan,2007,686908
Eastern Mediterranean,SDN,Sudan,2006,721233
Eastern Mediterranean,SDN,Sudan,2005,628417
Eastern Mediterranean,SDN,Sudan,2004,537899
Eastern Mediterranean,SDN,Sudan,2003,933267
Eastern Mediterranean,SDN,Sudan,2002,280550
Eastern Mediterranean,SDN,Sudan,2001,203491
Eastern Mediterranean,SDN,Sudan,2000,368557
Americas,SUR,Suriname,2017,40
Americas,SUR,Suriname,2016,76
Americas,SUR,Suriname,2015,81
Americas,SUR,Suriname,2014,401
Americas,SUR,Suriname,2013,729
Americas,SUR,Suriname,2012,356
Americas,SUR,Suriname,2011,771
Americas,SUR,Suriname,2010,1712
Americas,SUR,Suriname,2009,2380
Americas,SUR,Suriname,2008,2709
Americas,SUR,Suriname,2007,1741
Americas,SUR,Suriname,2006,3289
Americas,SUR,Suriname,2005,9131
Americas,SUR,Suriname,2004,8378
Americas,SUR,Suriname,2003,10982
Americas,SUR,Suriname,2002,12837
Americas,SUR,Suriname,2001,16003
Americas,SUR,Suriname,2000,11361
Europe,SWE,Sweden,2017,
Europe,CHE,Switzerland,2017,
Eastern Mediterranean,SYR,Syria,2017,0
Eastern Mediterranean,SYR,Syria,2016,0
Eastern Mediterranean,SYR,Syria,2015,0
Eastern Mediterranean,SYR,Syria,2014,0
Eastern Mediterranean,SYR,Syria,2013,0
Eastern Mediterranean,SYR,Syria,2012,0
Eastern Mediterranean,SYR,Syria,2011,0
Eastern Mediterranean,SYR,Syria,2010,0
Eastern Mediterranean,SYR,Syria,2009,0
Eastern Mediterranean,SYR,Syria,2008,0
Eastern Mediterranean,SYR,Syria,2007,0
Eastern Mediterranean,SYR,Syria,2006,0
Eastern Mediterranean,SYR,Syria,2005,0
Eastern Mediterranean,SYR,Syria,2004,1
Eastern Mediterranean,SYR,Syria,2003,2
Eastern Mediterranean,SYR,Syria,2002,15
Eastern Mediterranean,SYR,Syria,2001,63
Eastern Mediterranean,SYR,Syria,2000,6
Asia,TWN,Taiwan,2017,
Europe,TJK,Tajikistan,2017,0
Europe,TJK,Tajikistan,2016,0
Europe,TJK,Tajikistan,2015,0
Europe,TJK,Tajikistan,2014,2
Europe,TJK,Tajikistan,2013,3
Europe,TJK,Tajikistan,2012,18
Europe,TJK,Tajikistan,2011,65
Europe,TJK,Tajikistan,2010,111
Europe,TJK,Tajikistan,2009,164
Europe,TJK,Tajikistan,2008,318
Europe,TJK,Tajikistan,2007,635
Europe,TJK,Tajikistan,2006,1344
Europe,TJK,Tajikistan,2005,2309
Europe,TJK,Tajikistan,2004,3588
Europe,TJK,Tajikistan,2003,5428
Europe,TJK,Tajikistan,2002,6160
Europe,TJK,Tajikistan,2001,11387
Europe,TJK,Tajikistan,2000,19064
Africa,TZA,Tanzania,2017,5354486
South-East Asia,THA,Thailand,2016,11522
South-East Asia,THA,Thailand,2015,8022
South-East Asia,THA,Thailand,2014,37921
South-East Asia,THA,Thailand,2013,33302
South-East Asia,THA,Thailand,2012,32569
South-East Asia,THA,Thailand,2011,24897
South-East Asia,THA,Thailand,2010,32480
South-East Asia,THA,Thailand,2009,29462
South-East Asia,THA,Thailand,2008,28569
South-East Asia,THA,Thailand,2007,33178
South-East Asia,THA,Thailand,2006,30294
South-East Asia,THA,Thailand,2005,29782
South-East Asia,THA,Thailand,2004,26690
South-East Asia,THA,Thailand,2003,37355
South-East Asia,THA,Thailand,2002,44555
South-East Asia,THA,Thailand,2001,63528
South-East Asia,THA,Thailand,2000,78561
South-East Asia,THA,Thailand,2017,11440
South-East Asia,TLS,Timor,2016,94
South-East Asia,TLS,Timor,2015,80
South-East Asia,TLS,Timor,2014,342
South-East Asia,TLS,Timor,2013,1025
South-East Asia,TLS,Timor,2012,5211
South-East Asia,TLS,Timor,2011,19739
South-East Asia,TLS,Timor,2010,48137
South-East Asia,TLS,Timor,2009,47527
South-East Asia,TLS,Timor,2008,51260
South-East Asia,TLS,Timor,2007,52813
South-East Asia,TLS,Timor,2006,37896
South-East Asia,TLS,Timor,2005,43093
South-East Asia,TLS,Timor,2004,39164
South-East Asia,TLS,Timor,2003,33411
South-East Asia,TLS,Timor,2002,26651
South-East Asia,TLS,Timor,2000,15212
South-East Asia,TLS,Timor,2017,16
Africa,TGO,Togo,2016,1183265
Africa,TGO,Togo,2015,1113927
Africa,TGO,Togo,2014,1130251
Africa,TGO,Togo,2013,882430
Africa,TGO,Togo,2012,697374
Africa,TGO,Togo,2011,519450
Africa,TGO,Togo,2010,617101
Africa,TGO,Togo,2009,391338
Africa,TGO,Togo,2008,344862
Africa,TGO,Togo,2007,221110
Africa,TGO,Togo,2017,1209034
Oceania,TON,Tonga,2017,
North America,TTO,Trinidad and Tobago,2017,
Africa,TUN,Tunisia,2017,
Europe,TUR,Turkey,2016,0
Europe,TUR,Turkey,2015,0
Europe,TUR,Turkey,2014,0
Europe,TUR,Turkey,2013,0
Europe,TUR,Turkey,2012,0
Europe,TUR,Turkey,2011,0
Europe,TUR,Turkey,2010,0
Europe,TUR,Turkey,2009,38
Europe,TUR,Turkey,2008,166
Europe,TUR,Turkey,2007,313
Europe,TUR,Turkey,2006,796
Europe,TUR,Turkey,2005,2084
Europe,TUR,Turkey,2004,5302
Europe,TUR,Turkey,2003,9222
Europe,TUR,Turkey,2002,10224
Europe,TUR,Turkey,2001,10812
Europe,TUR,Turkey,2000,11432
Europe,TUR,Turkey,2017,0
Europe,TKM,Turkmenistan,2017,0
Europe,TKM,Turkmenistan,2016,0
Europe,TKM,Turkmenistan,2015,0
Europe,TKM,Turkmenistan,2014,0
Europe,TKM,Turkmenistan,2010,0
Europe,TKM,Turkmenistan,2009,0
Europe,TKM,Turkmenistan,2008,0
Europe,TKM,Turkmenistan,2007,0
Europe,TKM,Turkmenistan,2006,1
Europe,TKM,Turkmenistan,2005,1
Europe,TKM,Turkmenistan,2004,3
Europe,TKM,Turkmenistan,2003,7
Europe,TKM,Turkmenistan,2002,18
Europe,TKM,Turkmenistan,2001,8
Europe,TKM,Turkmenistan,2000,24
North America,TCA,Turks and Caicos Islands,2017,
Africa,UGA,Uganda,2016,9385132
Africa,UGA,Uganda,2015,7137662
Africa,UGA,Uganda,2014,3631939
Africa,UGA,Uganda,2013,1502362
Africa,UGA,Uganda,2012,2662258
Africa,UGA,Uganda,2011,231873
Africa,UGA,Uganda,2010,1581160
Africa,UGA,Uganda,2009,1301337
Africa,UGA,Uganda,2008,979298
Africa,UGA,Uganda,2007,1045378
Africa,UGA,Uganda,2006,867398
Africa,UGA,Uganda,2005,1104310
Africa,UGA,Uganda,2004,879032
Africa,UGA,Uganda,2003,801784
Africa,UGA,Uganda,2002,557159
Africa,UGA,Uganda,2017,11667831
Europe,UKR,Ukraine,2017,
Eastern Mediterranean,ARE,United Arab Emirates,2016,0
Eastern Mediterranean,ARE,United Arab Emirates,2015,0
Eastern Mediterranean,ARE,United Arab Emirates,2014,0
Eastern Mediterranean,ARE,United Arab Emirates,2013,0
Eastern Mediterranean,ARE,United Arab Emirates,2017,
Europe,GBR,United Kingdom,2017,
North America,USA,United States,2017,
Africa,TZA,United Republic of Tanzania,2016,5193520
Africa,TZA,United Republic of Tanzania,2015,4241364
Africa,TZA,United Republic of Tanzania,2014,680442
Africa,TZA,United Republic of Tanzania,2013,1551923
Africa,TZA,United Republic of Tanzania,2012,1986955
Africa,TZA,United Republic of Tanzania,2011,2150761
Africa,TZA,United Republic of Tanzania,2010,1278998
Africa,TZA,United Republic of Tanzania,2009,211
Africa,TZA,United Republic of Tanzania,2008,4508
Africa,TZA,United Republic of Tanzania,2007,1845917
Africa,TZA,United Republic of Tanzania,2006,1928296
Africa,TZA,United Republic of Tanzania,2005,2764049
Africa,TZA,United Republic of Tanzania,2004,2502382
Africa,TZA,United Republic of Tanzania,2003,1976614
Africa,TZA,United Republic of Tanzania,2002,42468
Africa,TZA,United Republic of Tanzania,2001,38537
Africa,TZA,United Republic of Tanzania,2000,17734
South America,URY,Uruguay,2017,
Europe,UZB,Uzbekistan,2017,0
Europe,UZB,Uzbekistan,2016,0
Europe,UZB,Uzbekistan,2015,0
Europe,UZB,Uzbekistan,2014,0
Europe,UZB,Uzbekistan,2013,0
Europe,UZB,Uzbekistan,2012,0
Europe,UZB,Uzbekistan,2011,0
Europe,UZB,Uzbekistan,2010,3
Europe,UZB,Uzbekistan,2009,0
Europe,UZB,Uzbekistan,2008,7
Europe,UZB,Uzbekistan,2007,30
Europe,UZB,Uzbekistan,2006,73
Europe,UZB,Uzbekistan,2005,102
Europe,UZB,Uzbekistan,2004,66
Europe,UZB,Uzbekistan,2003,74
Europe,UZB,Uzbekistan,2002,74
Europe,UZB,Uzbekistan,2001,77
Europe,UZB,Uzbekistan,2000,126
Western Pacific,VUT,Vanuatu,2017,1071
Western Pacific,VUT,Vanuatu,2016,1868
Western Pacific,VUT,Vanuatu,2015,423
Western Pacific,VUT,Vanuatu,2014,982
Western Pacific,VUT,Vanuatu,2013,2381
Western Pacific,VUT,Vanuatu,2012,3435
Western Pacific,VUT,Vanuatu,2011,4820
Western Pacific,VUT,Vanuatu,2010,8169
Western Pacific,VUT,Vanuatu,2009,4189
Western Pacific,VUT,Vanuatu,2008,3765
Western Pacific,VUT,Vanuatu,2007,5471
Western Pacific,VUT,Vanuatu,2006,8055
Western Pacific,VUT,Vanuatu,2005,9834
Western Pacific,VUT,Vanuatu,2004,14653
Western Pacific,VUT,Vanuatu,2003,15240
Western Pacific,VUT,Vanuatu,2002,14339
Western Pacific,VUT,Vanuatu,2001,7647
Western Pacific,VUT,Vanuatu,2000,6768
Europe,VAT,Vatican,2017,
Americas,VEN,Venezuela,2017,411586
Americas,VEN,Venezuela,2016,240613
Americas,VEN,Venezuela,2015,136402
Americas,VEN,Venezuela,2014,90708
Americas,VEN,Venezuela,2013,78643
Americas,VEN,Venezuela,2012,52803
Americas,VEN,Venezuela,2011,45824
Americas,VEN,Venezuela,2010,45155
Americas,VEN,Venezuela,2009,35828
Americas,VEN,Venezuela,2008,32037
Americas,VEN,Venezuela,2007,41749
Americas,VEN,Venezuela,2006,37062
Americas,VEN,Venezuela,2005,45049
Americas,VEN,Venezuela,2004,46655
Americas,VEN,Venezuela,2003,31719
Americas,VEN,Venezuela,2002,29491
Americas,VEN,Venezuela,2001,20006
Americas,VEN,Venezuela,2000,29736
Western Pacific,VNM,Vietnam,2017,4548
Western Pacific,VNM,Vietnam,2016,4161
Western Pacific,VNM,Vietnam,2015,9331
Western Pacific,VNM,Vietnam,2014,15752
Western Pacific,VNM,Vietnam,2013,17128
Western Pacific,VNM,Vietnam,2012,19638
Western Pacific,VNM,Vietnam,2011,16612
Western Pacific,VNM,Vietnam,2010,17515
Western Pacific,VNM,Vietnam,2009,16130
Western Pacific,VNM,Vietnam,2008,11355
Western Pacific,VNM,Vietnam,2007,16389
Western Pacific,VNM,Vietnam,2006,22637
Western Pacific,VNM,Vietnam,2005,19496
Western Pacific,VNM,Vietnam,2004,24909
Western Pacific,VNM,Vietnam,2003,38790
Western Pacific,VNM,Vietnam,2002,47807
Western Pacific,VNM,Vietnam,2001,68699
Western Pacific,VNM,Vietnam,2000,74316
Oceania,WLF,Wallis and Futuna,2017,
Eastern Mediterranean,YEM,Yemen,2017,114004
Eastern Mediterranean,YEM,Yemen,2016,98701
Eastern Mediterranean,YEM,Yemen,2015,76259
Eastern Mediterranean,YEM,Yemen,2014,86707
Eastern Mediterranean,YEM,Yemen,2013,102778
Eastern Mediterranean,YEM,Yemen,2012,109908
Eastern Mediterranean,YEM,Yemen,2011,90410
Eastern Mediterranean,YEM,Yemen,2010,106697
Eastern Mediterranean,YEM,Yemen,2009,55446
Eastern Mediterranean,YEM,Yemen,2008,44206
Eastern Mediterranean,YEM,Yemen,2007,67677
Eastern Mediterranean,YEM,Yemen,2006,55000
Eastern Mediterranean,YEM,Yemen,2005,44150
Eastern Mediterranean,YEM,Yemen,2004,48756
Eastern Mediterranean,YEM,Yemen,2003,50811
Eastern Mediterranean,YEM,Yemen,2002,75508
Eastern Mediterranean,YEM,Yemen,2000,1394495
Africa,ZMB,Zambia,2017,5505639
Africa,ZMB,Zambia,2016,4851319
Africa,ZMB,Zambia,2015,4184661
Africa,ZMB,Zambia,2014,4077547
Africa,ZWE,Zimbabwe,2017,315624
Africa,ZWE,Zimbabwe,2016,279988
Africa,ZWE,Zimbabwe,2015,391651
Africa,ZWE,Zimbabwe,2014,535931
Africa,ZWE,Zimbabwe,2013,422633
Africa,ZWE,Zimbabwe,2012,276963
Africa,ZWE,Zimbabwe,2011,319935
Africa,ZWE,Zimbabwe,2010,249379
Africa,ZWE,Zimbabwe,2009,114028
Africa,ZWE,Zimbabwe,2008,32788
Africa,ZWE,Zimbabwe,2007,116518
Africa,ZWE,Zimbabwe,2006,19702
Africa,ZWE,Zimbabwe,2005,18954
Africa,ZWE,Zimbabwe,2004,16990
